{
  "losses": [
    0.9553908389291645,
    0.7897946621164863,
    0.6117795661643699,
    0.5008225437299705,
    0.42461749690550343,
    0.35978958047466514,
    0.29548509510946863,
    0.24076493010844713,
    0.21497441754664903,
    0.20583402190679384,
    0.19550377277680386,
    0.19250143089412172,
    0.1849499810257076,
    0.1749332709076964,
    0.17459500167104933,
    0.1714434368006977,
    0.1680244920246395,
    0.16656763244558265,
    0.16450563459484666,
    0.16192000423684533,
    0.15906818762973504,
    0.1608581625752979,
    0.15424465029327958,
    0.15792600277029437
  ],
  "metrics": {
    "both": {
      "optimistic": {
        "adjusted_arithmetic_mean_rank": 0.03420985391351081,
        "adjusted_arithmetic_mean_rank_index": 0.9670223580437111,
        "adjusted_geometric_mean_rank_index": 0.9972476446712852,
        "adjusted_hits_at_k": 0.8259609655727823,
        "adjusted_inverse_harmonic_mean_rank": 0.7079961259217588,
        "arithmetic_mean_rank": 26.847405112316036,
        "count": 5164.0,
        "geometric_mean_rank": 2.589227025419879,
        "harmonic_mean_rank": 1.409492871132819,
        "hits_at_1": 0.6494965143299768,
        "hits_at_10": 0.8270720371804803,
        "hits_at_3": 0.7470952749806352,
        "hits_at_5": 0.784856700232378,
        "inverse_arithmetic_mean_rank": 0.03724754760530871,
        "inverse_geometric_mean_rank": 0.38621565053293705,
        "inverse_harmonic_mean_rank": 0.7094750321059043,
        "inverse_median_rank": 1.0,
        "median_absolute_deviation": 0.0,
        "median_rank": 1.0,
        "standard_deviation": 110.15544589755223,
        "variance": 12134.222260888557,
        "z_arithmetic_mean_rank": 120.20829157704847,
        "z_geometric_mean_rank": 72.32406006026291,
        "z_hits_at_k": 740.4850647307818,
        "z_inverse_harmonic_mean_rank": 1581.8289210837415
      },
      "pessimistic": {
        "adjusted_arithmetic_mean_rank": 0.03420985391351081,
        "adjusted_arithmetic_mean_rank_index": 0.9670223580437111,
        "adjusted_geometric_mean_rank_index": 0.9972476446712852,
        "adjusted_hits_at_k": 0.8259609655727823,
        "adjusted_inverse_harmonic_mean_rank": 0.7079961259217588,
        "arithmetic_mean_rank": 26.847405112316036,
        "count": 5164.0,
        "geometric_mean_rank": 2.589227025419879,
        "harmonic_mean_rank": 1.409492871132819,
        "hits_at_1": 0.6494965143299768,
        "hits_at_10": 0.8270720371804803,
        "hits_at_3": 0.7470952749806352,
        "hits_at_5": 0.784856700232378,
        "inverse_arithmetic_mean_rank": 0.03724754760530871,
        "inverse_geometric_mean_rank": 0.38621565053293705,
        "inverse_harmonic_mean_rank": 0.7094750321059043,
        "inverse_median_rank": 1.0,
        "median_absolute_deviation": 0.0,
        "median_rank": 1.0,
        "standard_deviation": 110.15544589755223,
        "variance": 12134.222260888557,
        "z_arithmetic_mean_rank": 120.20829157704847,
        "z_geometric_mean_rank": 72.32406006026291,
        "z_hits_at_k": 740.4850647307818,
        "z_inverse_harmonic_mean_rank": 1581.8289210837415
      },
      "realistic": {
        "adjusted_arithmetic_mean_rank": 0.03420985310776786,
        "adjusted_arithmetic_mean_rank_index": 0.967022358850482,
        "adjusted_geometric_mean_rank_index": 0.9972476447826176,
        "adjusted_hits_at_k": 0.8259609655727823,
        "adjusted_inverse_harmonic_mean_rank": 0.7079961138761194,
        "arithmetic_mean_rank": 26.84740447998047,
        "count": 5164.0,
        "geometric_mean_rank": 2.5892269611358643,
        "harmonic_mean_rank": 1.4094928949423302,
        "hits_at_1": 0.6494965143299768,
        "hits_at_10": 0.8270720371804803,
        "hits_at_3": 0.7470952749806352,
        "hits_at_5": 0.784856700232378,
        "inverse_arithmetic_mean_rank": 0.03724754974246025,
        "inverse_geometric_mean_rank": 0.3862156569957733,
        "inverse_harmonic_mean_rank": 0.7094750201212723,
        "inverse_median_rank": 1.0,
        "median_absolute_deviation": 0.0,
        "median_rank": 1.0,
        "standard_deviation": 110.15544128417969,
        "variance": 12134.2216796875,
        "z_arithmetic_mean_rank": 120.20829167733629,
        "z_geometric_mean_rank": 72.32406006833715,
        "z_hits_at_k": 740.4850647307818,
        "z_inverse_harmonic_mean_rank": 1581.8288941709661
      }
    },
    "head": {
      "optimistic": {
        "adjusted_arithmetic_mean_rank": 0.03333203733739836,
        "adjusted_arithmetic_mean_rank_index": 0.9678901564628931,
        "adjusted_geometric_mean_rank_index": 0.9972899994072053,
        "adjusted_hits_at_k": 0.8456540093555129,
        "adjusted_inverse_harmonic_mean_rank": 0.6865354155023307,
        "arithmetic_mean_rank": 26.396591789310612,
        "count": 2582.0,
        "geometric_mean_rank": 2.579144501912522,
        "harmonic_mean_rank": 1.4532548725562782,
        "hits_at_1": 0.6037955073586367,
        "hits_at_10": 0.8466305189775368,
        "hits_at_3": 0.7540666150271108,
        "hits_at_5": 0.8051897753679318,
        "inverse_arithmetic_mean_rank": 0.037883678619637304,
        "inverse_geometric_mean_rank": 0.3877254644935429,
        "inverse_harmonic_mean_rank": 0.688110543363256,
        "inverse_median_rank": 1.0,
        "median_absolute_deviation": 0.0,
        "median_rank": 1.0,
        "standard_deviation": 109.79907339411359,
        "variance": 12055.836518205942,
        "z_arithmetic_mean_rank": 85.07861604929728,
        "z_geometric_mean_rank": 51.146849861094374,
        "z_hits_at_k": 538.523088767275,
        "z_inverse_harmonic_mean_rank": 1089.4673607125867
      },
      "pessimistic": {
        "adjusted_arithmetic_mean_rank": 0.03333203733739836,
        "adjusted_arithmetic_mean_rank_index": 0.9678901564628931,
        "adjusted_geometric_mean_rank_index": 0.9972899994072053,
        "adjusted_hits_at_k": 0.8456540093555129,
        "adjusted_inverse_harmonic_mean_rank": 0.6865354155023307,
        "arithmetic_mean_rank": 26.396591789310612,
        "count": 2582.0,
        "geometric_mean_rank": 2.579144501912522,
        "harmonic_mean_rank": 1.4532548725562782,
        "hits_at_1": 0.6037955073586367,
        "hits_at_10": 0.8466305189775368,
        "hits_at_3": 0.7540666150271108,
        "hits_at_5": 0.8051897753679318,
        "inverse_arithmetic_mean_rank": 0.037883678619637304,
        "inverse_geometric_mean_rank": 0.3877254644935429,
        "inverse_harmonic_mean_rank": 0.688110543363256,
        "inverse_median_rank": 1.0,
        "median_absolute_deviation": 0.0,
        "median_rank": 1.0,
        "standard_deviation": 109.79907339411359,
        "variance": 12055.836518205942,
        "z_arithmetic_mean_rank": 85.07861604929728,
        "z_geometric_mean_rank": 51.146849861094374,
        "z_hits_at_k": 538.523088767275,
        "z_inverse_harmonic_mean_rank": 1089.4673607125867
      },
      "realistic": {
        "adjusted_arithmetic_mean_rank": 0.03333203657623477,
        "adjusted_arithmetic_mean_rank_index": 0.9678901572250191,
        "adjusted_geometric_mean_rank_index": 0.9972899990393547,
        "adjusted_hits_at_k": 0.8456540093555129,
        "adjusted_inverse_harmonic_mean_rank": 0.6865354127976858,
        "arithmetic_mean_rank": 26.396591186523438,
        "count": 2582.0,
        "geometric_mean_rank": 2.5791447162628174,
        "harmonic_mean_rank": 1.4532548782396495,
        "hits_at_1": 0.6037955073586367,
        "hits_at_10": 0.8466305189775368,
        "hits_at_3": 0.7540666150271108,
        "hits_at_5": 0.8051897753679318,
        "inverse_arithmetic_mean_rank": 0.03788368031382561,
        "inverse_geometric_mean_rank": 0.38772544264793396,
        "inverse_harmonic_mean_rank": 0.6881105406722018,
        "inverse_median_rank": 1.0,
        "median_absolute_deviation": 0.0,
        "median_rank": 1.0,
        "standard_deviation": 109.799072265625,