{
  "losses": [
    0.4641816746039563,
    0.28907552611607157,
    0.2671897958516374,
    0.25673642582291545,
    0.2508178589924132,
    0.2454226166500332,
    0.2428330018954385,
    0.24023616048139296,
    0.23875103750072646,
    0.23713411835801976
  ],
  "metrics": {
    "both": {
      "optimistic": {
        "adjusted_arithmetic_mean_rank": 0.13260420464541564,
        "adjusted_arithmetic_mean_rank_index": 0.8674655339212942,
        "adjusted_geometric_mean_rank_index": 0.9602043310469613,
        "adjusted_hits_at_k": 0.06133234884675221,
        "adjusted_inverse_harmonic_mean_rank": 0.025078865050847304,
        "arithmetic_mean_rank": 1649.4399384700157,
        "count": 1088900.0,
        "geometric_mean_rank": 354.99105307810254,
        "harmonic_mean_rank": 39.17889818091985,
        "hits_at_1": 0.0015400863256497383,
        "hits_at_10": 0.061737533290476626,
        "hits_at_3": 0.02541280191018459,
        "hits_at_5": 0.038093488841950594,
        "inverse_arithmetic_mean_rank": 0.000606266391807863,
        "inverse_geometric_mean_rank": 0.002816972403470651,
        "inverse_harmonic_mean_rank": 0.025523943919561285,
        "inverse_median_rank": 0.002551020408163265,
        "median_absolute_deviation": 529.2889920064999,
        "median_rank": 392.0,
        "standard_deviation": 2976.1100560124005,
        "variance": 8857231.065498132,
        "z_arithmetic_mean_rank": 1537.8237063577617,
        "z_geometric_mean_rank": 1004.739503064407,
        "z_hits_at_k": 3079.865563268634,
        "z_inverse_harmonic_mean_rank": 3109.3389485583903
      },
      "pessimistic": {
        "adjusted_arithmetic_mean_rank": 0.13260438730080312,
        "adjusted_arithmetic_mean_rank_index": 0.8674653512512214,
        "adjusted_geometric_mean_rank_index": 0.9602042295497967,
        "adjusted_hits_at_k": 0.06133234884675221,
        "adjusted_inverse_harmonic_mean_rank": 0.02507876736775754,
        "arithmetic_mean_rank": 1649.442210487648,
        "count": 1088900.0,
        "geometric_mean_rank": 354.99195591725976,
        "harmonic_mean_rank": 39.17904805522171,
        "hits_at_1": 0.0015400863256497383,
        "hits_at_10": 0.061737533290476626,
        "hits_at_3": 0.02541280191018459,
        "hits_at_5": 0.038093488841950594,
        "inverse_arithmetic_mean_rank": 0.0006062655567086256,
        "inverse_geometric_mean_rank": 0.0028169652391590427,
        "inverse_harmonic_mean_rank": 0.025523846281066593,
        "inverse_median_rank": 0.002551020408163265,
        "median_absolute_deviation": 529.2889920064999,
        "median_rank": 392.0,
        "standard_deviation": 2976.1125552452118,
        "variance": 8857245.941488184,
        "z_arithmetic_mean_rank": 1537.8233825242978,
        "z_geometric_mean_rank": 1004.7393968597092,
        "z_hits_at_k": 3079.865563268634,
        "z_inverse_harmonic_mean_rank": 3109.326837570313
      },
      "realistic": {
        "adjusted_arithmetic_mean_rank": 0.13260429320437672,
        "adjusted_arithmetic_mean_rank_index": 0.8674654453552131,
        "adjusted_geometric_mean_rank_index": 0.9602042309615538,
        "adjusted_hits_at_k": 0.06133234884675221,
        "adjusted_inverse_harmonic_mean_rank": 0.025078812046338595,
        "arithmetic_mean_rank": 1649.4410400390625,
        "count": 1088900.0,
        "geometric_mean_rank": 354.991943359375,
        "harmonic_mean_rank": 39.178979505127124,
        "hits_at_1": 0.0015400863256497383,
        "hits_at_10": 0.061737533290476626,
        "hits_at_3": 0.02541280191018459,
        "hits_at_5": 0.038093488841950594,
        "inverse_arithmetic_mean_rank": 0.0006062659667804837,
        "inverse_geometric_mean_rank": 0.002816965337842703,
        "inverse_harmonic_mean_rank": 0.025523890939250622,
        "inverse_median_rank": 0.0025510203558951616,
        "median_absolute_deviation": 529.2889920064999,
        "median_rank": 392.0,
        "standard_deviation": 2976.111328125,
        "variance": 8857238.0,
        "z_arithmetic_mean_rank": 1537.8235493497723,
        "z_geometric_mean_rank": 1004.7393983369451,
        "z_hits_at_k": 3079.865563268634,
        "z_inverse_harmonic_mean_rank": 3109.3323769299277
      }
    },
    "head": {
      "optimistic": {
        "adjusted_arithmetic_mean_rank": 0.058372368860448075,
        "adjusted_arithmetic_mean_rank_index": 0.9416966274117115,
        "adjusted_geometric_mean_rank_index": 0.9800691748611311,
        "adjusted_hits_at_k": 0.06905540979449143,
        "adjusted_inverse_harmonic_mean_rank": 0.028849859531298625,
        "arithmetic_mean_rank": 796.6961282027735,
        "count": 544450.0,
        "geometric_mean_rank": 201.1169721962868,
        "harmonic_mean_rank": 34.20677001607538,
        "hits_at_1": 0.0017650840297547983,
        "hits_at_10": 0.06939663880980806,
        "hits_at_3": 0.027734410873358435,
        "hits_at_5": 0.04205712186610341,
        "inverse_arithmetic_mean_rank": 0.0012551837075647015,
        "inverse_geometric_mean_rank": 0.004972230782313174,
        "inverse_harmonic_mean_rank": 0.02923397910793836,
        "inverse_median_rank": 0.004166666666666667,
        "median_absolute_deviation": 296.52044370112037,
        "median_rank": 240.0,
        "standard_deviation": 1821.482171893164,
        "variance": 3317797.3025246374,
        "z_arithmetic_mean_rank": 1203.2394994704634,
        "z_geometric_mean_rank": 722.6294554864741,
        "z_hits_at_k": 2660.9462134555056,
        "z_inverse_harmonic_mean_rank": 2744.0051620401005
      },
      "pessimistic": {
        "adjusted_arithmetic_mean_rank": 0.05837246279211556,
        "adjusted_arithmetic_mean_rank_index": 0.9416965334731613,
        "adjusted_geometric_mean_rank_index": 0.9800691286007549,
        "adjusted_hits_at_k": 0.06905540979449143,
        "adjusted_inverse_harmonic_mean_rank": 0.028849796990832035,
        "arithmetic_mean_rank": 796.6974102305079,
        "count": 544450.0,
        "geometric_mean_rank": 201.11743667712676,
        "harmonic_mean_rank": 34.20684316608212,
        "hits_at_1": 0.0017650840297547983,
        "hits_at_10": 0.06939663880980806,
        "hits_at_3": 0.027734410873358435,
        "hits_at_5": 0.04205712186610341,
        "inverse_arithmetic_mean_rank": 0.0012551816877510254,
        "inverse_geometric_mean_rank": 0.0049722192989432165,
        "inverse_harmonic_mean_rank": 0.029233916592208437,
        "inverse_median_rank": 0.004166666666666667,
        "median_absolute_deviation": 296.52044370112037,
        "median_rank": 240.0,
        "standard_deviation": 1821.484084980025,
        "variance": 3317804.2718355195,
        "z_arithmetic_mean_rank": 1203.2393794418142,
        "z_geometric_mean_rank": 722.6294213775445,
        "z_hits_at_k": 2660.9462134555056,
        "z_inverse_harmonic_mean_rank": 2743.9992136103356
      },
      "realistic": {
        "adjusted_arithmetic_mean_rank": 0.05837241194981258,
        "adjusted_arithmetic_mean_rank_index": 0.9416965843191896,
        "adjusted_geometric_mean_rank_index": 0.9800691518980567,
        "adjusted_hits_at_k": 0.06905540979449143,
        "adjusted_inverse_harmonic_mean_rank": 0.028849824570497392,
        "arithmetic_mean_rank": 796.6967163085938,
        "count": 544450.0,
        "geometric_mean_rank": 201.11720275878906,
        "harmonic_mean_rank": 34.206810907686425,
        "hits_at_1": 0.0017650840297547983,
        "hits_at_10": 0.06939663880980806,
        "hits_at_3": 0.027734410873358435,
        "hits_at_5": 0.04205712186610341,
        "inverse_arithmetic_mean_rank": 0.001255182782188058,
        "inverse_geometric_mean_rank": 0.004972225055098534,
        "inverse_harmonic_mean_rank": 0.029233944160965194,
        "inverse_median_rank": 0.004166666883975267,
        "median_absolute_deviation": 296.52044370112037,
        "median_rank": 240.0,
        "standard_deviation": 1821.483154296875,
        "variance": 3317801.0,