{
  "losses": [
    0.9328210133093374,
    0.7597373127937317,
    0.5992304417822096,
    0.5126207710048298,
    0.47357601552833745,
    0.46142045840804957,
    0.4355240799026725,
    0.4165036078588462,
    0.40215172591032805,
    0.3710657071184229,
    0.33978753325379923,
    0.30641765579765223,
    0.27624436808221137,
    0.2456335938639111,
    0.21982938621515108,
    0.19926939003261518,
    0.18237588287871562,
    0.16387993465235204,
    0.15164643535275518,
    0.1396946002855713,
    0.1313003831439548,
    0.12129529878313158,
    0.11008028161746485,
    0.103294739568675
  ],
  "metrics": {
    "both": {
      "optimistic": {
        "adjusted_arithmetic_mean_rank": 0.04929613260322862,
        "adjusted_arithmetic_mean_rank_index": 0.9519167958794225,
        "adjusted_geometric_mean_rank_index": 0.9972679003425856,
        "adjusted_hits_at_k": 0.8279098822748042,
        "adjusted_inverse_harmonic_mean_rank": 0.7344813275444978,
        "arithmetic_mean_rank": 38.68803253292022,
        "count": 5164.0,
        "geometric_mean_rank": 2.5775495224077485,
        "harmonic_mean_rank": 1.359016756012934,
        "hits_at_1": 0.6895817195972115,
        "hits_at_10": 0.8290085205267235,
        "hits_at_3": 0.7523237800154918,
        "hits_at_5": 0.7827265685515105,
        "inverse_arithmetic_mean_rank": 0.025847786370348125,
        "inverse_geometric_mean_rank": 0.387965387786566,
        "inverse_harmonic_mean_rank": 0.7358261004329242,
        "inverse_median_rank": 1.0,
        "median_absolute_deviation": 0.0,
        "median_rank": 1.0,
        "standard_deviation": 158.36884607133567,
        "variance": 25080.69140596641,
        "z_arithmetic_mean_rank": 118.32863856126335,
        "z_geometric_mean_rank": 72.32553179422317,
        "z_hits_at_k": 742.2294717318694,
        "z_inverse_harmonic_mean_rank": 1640.9972800434546
      },
      "pessimistic": {
        "adjusted_arithmetic_mean_rank": 0.04929613260322862,
        "adjusted_arithmetic_mean_rank_index": 0.9519167958794225,
        "adjusted_geometric_mean_rank_index": 0.9972679003425856,
        "adjusted_hits_at_k": 0.8279098822748042,
        "adjusted_inverse_harmonic_mean_rank": 0.7344813275444978,
        "arithmetic_mean_rank": 38.68803253292022,
        "count": 5164.0,
        "geometric_mean_rank": 2.5775495224077485,
        "harmonic_mean_rank": 1.359016756012934,
        "hits_at_1": 0.6895817195972115,
        "hits_at_10": 0.8290085205267235,
        "hits_at_3": 0.7523237800154918,
        "hits_at_5": 0.7827265685515105,
        "inverse_arithmetic_mean_rank": 0.025847786370348125,
        "inverse_geometric_mean_rank": 0.387965387786566,
        "inverse_harmonic_mean_rank": 0.7358261004329242,
        "inverse_median_rank": 1.0,
        "median_absolute_deviation": 0.0,
        "median_rank": 1.0,
        "standard_deviation": 158.36884607133567,
        "variance": 25080.69140596641,
        "z_arithmetic_mean_rank": 118.32863856126335,
        "z_geometric_mean_rank": 72.32553179422317,
        "z_hits_at_k": 742.2294717318694,
        "z_inverse_harmonic_mean_rank": 1640.9972800434546
      },
      "realistic": {
        "adjusted_arithmetic_mean_rank": 0.04929613454599126,
        "adjusted_arithmetic_mean_rank_index": 0.9519167939341812,
        "adjusted_geometric_mean_rank_index": 0.9972679004549103,
        "adjusted_hits_at_k": 0.8279098822748042,
        "adjusted_inverse_harmonic_mean_rank": 0.7344813130573961,
        "arithmetic_mean_rank": 38.68803405761719,
        "count": 5164.0,
        "geometric_mean_rank": 2.577549457550049,
        "harmonic_mean_rank": 1.359016782634033,
        "hits_at_1": 0.6895817195972115,
        "hits_at_10": 0.8290085205267235,
        "hits_at_3": 0.7523237800154918,
        "hits_at_5": 0.7827265685515105,
        "inverse_arithmetic_mean_rank": 0.02584778517484665,
        "inverse_geometric_mean_rank": 0.3879654109477997,
        "inverse_harmonic_mean_rank": 0.7358260860191953,
        "inverse_median_rank": 1.0,
        "median_absolute_deviation": 0.0,
        "median_rank": 1.0,
        "standard_deviation": 158.3688507080078,
        "variance": 25080.693359375,
        "z_arithmetic_mean_rank": 118.32863831945888,
        "z_geometric_mean_rank": 72.32553180236935,
        "z_hits_at_k": 742.2294717318694,
        "z_inverse_harmonic_mean_rank": 1640.9972476759951
      }
    },
    "head": {
      "optimistic": {
        "adjusted_arithmetic_mean_rank": 0.05607788821103022,
        "adjusted_arithmetic_mean_rank_index": 0.9451155971425382,
        "adjusted_geometric_mean_rank_index": 0.9967112237497243,
        "adjusted_hits_at_k": 0.8097957017072204,
        "adjusted_inverse_harmonic_mean_rank": 0.7022941385252898,
        "arithmetic_mean_rank": 44.407823392718825,
        "count": 2582.0,
        "geometric_mean_rank": 2.9162493600575616,
        "harmonic_mean_rank": 1.420877918358779,
        "hits_at_1": 0.6483346243222309,
        "hits_at_10": 0.8109992254066615,
        "hits_at_3": 0.726568551510457,
        "hits_at_5": 0.7687838884585593,
        "inverse_arithmetic_mean_rank": 0.022518554696016952,
        "inverse_geometric_mean_rank": 0.3429062046944647,
        "inverse_harmonic_mean_rank": 0.7037902321369561,
        "inverse_median_rank": 1.0,
        "median_absolute_deviation": 0.0,
        "median_rank": 1.0,
        "standard_deviation": 166.3154981103197,
        "variance": 27660.84491168376,
        "z_arithmetic_mean_rank": 83.07379302408546,
        "z_geometric_mean_rank": 51.11720569620776,
        "z_hits_at_k": 515.6564673490702,
        "z_inverse_harmonic_mean_rank": 1114.408340110236
      },
      "pessimistic": {
        "adjusted_arithmetic_mean_rank": 0.05607788821103022,
        "adjusted_arithmetic_mean_rank_index": 0.9451155971425382,
        "adjusted_geometric_mean_rank_index": 0.9967112237497243,
        "adjusted_hits_at_k": 0.8097957017072204,
        "adjusted_inverse_harmonic_mean_rank": 0.7022941385252898,
        "arithmetic_mean_rank": 44.407823392718825,
        "count": 2582.0,
        "geometric_mean_rank": 2.9162493600575616,
        "harmonic_mean_rank": 1.420877918358779,
        "hits_at_1": 0.6483346243222309,
        "hits_at_10": 0.8109992254066615,
        "hits_at_3": 0.726568551510457,
        "hits_at_5": 0.7687838884585593,
        "inverse_arithmetic_mean_rank": 0.022518554696016952,
        "inverse_geometric_mean_rank": 0.3429062046944647,
        "inverse_harmonic_mean_rank": 0.7037902321369561,
        "inverse_median_rank": 1.0,
        "median_absolute_deviation": 0.0,
        "median_rank": 1.0,
        "standard_deviation": 166.3154981103197,
        "variance": 27660.84491168376,
        "z_arithmetic_mean_rank": 83.07379302408546,
        "z_geometric_mean_rank": 51.11720569620776,
        "z_hits_at_k": 515.6564673490702,
        "z_inverse_harmonic_mean_rank": 1114.408340110236
      },
      "realistic": {
        "adjusted_arithmetic_mean_rank": 0.056077886016996356,
        "adjusted_arithmetic_mean_rank_index": 0.9451155993393462,
        "adjusted_geometric_mean_rank_index": 0.9967112238953487,
        "adjusted_hits_at_k": 0.8097957017072204,
        "adjusted_inverse_harmonic_mean_rank": 0.7022940995685769,
        "arithmetic_mean_rank": 44.40782165527344,
        "count": 2582.0,
        "geometric_mean_rank": 2.9162492752075195,
        "harmonic_mean_rank": 1.4208779966130136,
        "hits_at_1": 0.6483346243222309,
        "hits_at_10": 0.8109992254066615,
        "hits_at_3": 0.726568551510457,
        "hits_at_5": 0.7687838884585593,
        "inverse_arithmetic_mean_rank": 0.02251855470240116,
        "inverse_geometric_mean_rank": 0.3429062068462372,
        "inverse_harmonic_mean_rank": 0.7037901933760167,
        "inverse_median_rank": 1.0,
        "median_absolute_deviation": 0.0,
        "median_rank": 1.0,
        "standard_deviation": 166.3155059814453,