{
  "losses": [
    1.0845296530076016,
    0.8578422750219886,
    0.6179887503385544,
    0.4140061060955495,
    0.28642222110503984,
    0.20592639576873661,
    0.15644530965774148,
    0.12663416362103122,
    0.10549410050849856,
    0.09366026601213732,
    0.08213694527009387,
    0.07095614112453696,
    0.06783023941112154,
    0.0637247292899791,
    0.06021017631814803,
    0.05466677971690157,
    0.05398383410072621,
    0.05337326773614795,
    0.05028426986371661,
    0.0474562553493421,
    0.04798702179327791,
    0.04715006974422269,
    0.04631034144556817,
    0.04374896325056016
  ],
  "metrics": {
    "both": {
      "optimistic": {
        "adjusted_arithmetic_mean_rank": 0.04201330626781207,
        "adjusted_arithmetic_mean_rank_index": 0.9592101405467673,
        "adjusted_geometric_mean_rank_index": 0.994878487966062,
        "adjusted_hits_at_k": 0.8014031638239723,
        "adjusted_inverse_harmonic_mean_rank": 0.4838895592496548,
        "arithmetic_mean_rank": 32.939388071262584,
        "count": 5164.0,
        "geometric_mean_rank": 3.954206952878895,
        "harmonic_mean_rank": 2.0554736032831986,
        "hits_at_1": 0.2714949651432998,
        "hits_at_10": 0.8026723470178156,
        "hits_at_3": 0.6680867544539117,
        "hits_at_5": 0.7331525948876839,
        "inverse_arithmetic_mean_rank": 0.030358791056972707,
        "inverse_geometric_mean_rank": 0.25289521057362496,
        "inverse_harmonic_mean_rank": 0.48650588283046037,
        "inverse_median_rank": 0.5,
        "median_absolute_deviation": 1.482602218505602,
        "median_rank": 2.0,
        "standard_deviation": 125.0235098174005,
        "variance": 15630.878007061638,
        "z_arithmetic_mean_rank": 119.23284226552612,
        "z_geometric_mean_rank": 72.15273072468489,
        "z_hits_at_k": 718.0888530249886,
        "z_inverse_harmonic_mean_rank": 1080.560866419354
      },
      "pessimistic": {
        "adjusted_arithmetic_mean_rank": 0.04201330626781207,
        "adjusted_arithmetic_mean_rank_index": 0.9592101405467673,
        "adjusted_geometric_mean_rank_index": 0.994878487966062,
        "adjusted_hits_at_k": 0.8014031638239723,
        "adjusted_inverse_harmonic_mean_rank": 0.4838895592496548,
        "arithmetic_mean_rank": 32.939388071262584,
        "count": 5164.0,
        "geometric_mean_rank": 3.954206952878895,
        "harmonic_mean_rank": 2.0554736032831986,
        "hits_at_1": 0.2714949651432998,
        "hits_at_10": 0.8026723470178156,
        "hits_at_3": 0.6680867544539117,
        "hits_at_5": 0.7331525948876839,
        "inverse_arithmetic_mean_rank": 0.030358791056972707,
        "inverse_geometric_mean_rank": 0.25289521057362496,
        "inverse_harmonic_mean_rank": 0.48650588283046037,
        "inverse_median_rank": 0.5,
        "median_absolute_deviation": 1.482602218505602,
        "median_rank": 2.0,
        "standard_deviation": 125.0235098174005,
        "variance": 15630.878007061638,
        "z_arithmetic_mean_rank": 119.23284226552612,
        "z_geometric_mean_rank": 72.15273072468489,
        "z_hits_at_k": 718.0888530249886,
        "z_inverse_harmonic_mean_rank": 1080.560866419354
      },
      "realistic": {
        "adjusted_arithmetic_mean_rank": 0.04201330652786052,
        "adjusted_arithmetic_mean_rank_index": 0.9592101402863867,
        "adjusted_geometric_mean_rank_index": 0.9948784879823008,
        "adjusted_hits_at_k": 0.8014031638239723,
        "adjusted_inverse_harmonic_mean_rank": 0.48388956456581844,
        "arithmetic_mean_rank": 32.939388275146484,
        "count": 5164.0,
        "geometric_mean_rank": 3.954206943511963,
        "harmonic_mean_rank": 2.0554735809364177,
        "hits_at_1": 0.2714949651432998,
        "hits_at_10": 0.8026723470178156,
        "hits_at_3": 0.6680867544539117,
        "hits_at_5": 0.7331525948876839,
        "inverse_arithmetic_mean_rank": 0.03035879135131836,
        "inverse_geometric_mean_rank": 0.25289520621299744,
        "inverse_harmonic_mean_rank": 0.4865058881196747,
        "inverse_median_rank": 0.5,
        "median_absolute_deviation": 1.482602218505602,
        "median_rank": 2.0,
        "standard_deviation": 125.02350616455078,
        "variance": 15630.8779296875,
        "z_arithmetic_mean_rank": 119.23284223316,
        "z_geometric_mean_rank": 72.1527307258626,
        "z_hits_at_k": 718.0888530249886,
        "z_inverse_harmonic_mean_rank": 1080.5608782907373
      }
    },
    "head": {
      "optimistic": {
        "adjusted_arithmetic_mean_rank": 0.044745408360394555,
        "adjusted_arithmetic_mean_rank_index": 0.9564631830450976,
        "adjusted_geometric_mean_rank_index": 0.9945081693337947,
        "adjusted_hits_at_k": 0.7817317932800709,
        "adjusted_inverse_harmonic_mean_rank": 0.4847484401474566,
        "arithmetic_mean_rank": 35.41092176607281,
        "count": 2582.0,
        "geometric_mean_rank": 4.197739348408763,
        "harmonic_mean_rank": 2.051958151297234,
        "hits_at_1": 0.28001549186676994,
        "hits_at_10": 0.7831138652207591,
        "hits_at_3": 0.6657629744384198,
        "hits_at_5": 0.7285050348567003,
        "inverse_arithmetic_mean_rank": 0.028239874878323544,
        "inverse_geometric_mean_rank": 0.23822346196389493,
        "inverse_harmonic_mean_rank": 0.48733937354804574,
        "inverse_median_rank": 0.5,
        "median_absolute_deviation": 1.482602218505602,
        "median_rank": 2.0,
        "standard_deviation": 121.03680520956982,
        "variance": 14649.908215339346,
        "z_arithmetic_mean_rank": 84.06889174119759,
        "z_geometric_mean_rank": 51.004450594837664,
        "z_hits_at_k": 497.6098565725012,
        "z_inverse_harmonic_mean_rank": 768.9367429991476
      },
      "pessimistic": {
        "adjusted_arithmetic_mean_rank": 0.044745408360394555,
        "adjusted_arithmetic_mean_rank_index": 0.9564631830450976,
        "adjusted_geometric_mean_rank_index": 0.9945081693337947,
        "adjusted_hits_at_k": 0.7817317932800709,
        "adjusted_inverse_harmonic_mean_rank": 0.4847484401474566,
        "arithmetic_mean_rank": 35.41092176607281,
        "count": 2582.0,
        "geometric_mean_rank": 4.197739348408763,
        "harmonic_mean_rank": 2.051958151297234,
        "hits_at_1": 0.28001549186676994,
        "hits_at_10": 0.7831138652207591,
        "hits_at_3": 0.6657629744384198,
        "hits_at_5": 0.7285050348567003,
        "inverse_arithmetic_mean_rank": 0.028239874878323544,
        "inverse_geometric_mean_rank": 0.23822346196389493,
        "inverse_harmonic_mean_rank": 0.48733937354804574,
        "inverse_median_rank": 0.5,
        "median_absolute_deviation": 1.482602218505602,
        "median_rank": 2.0,
        "standard_deviation": 121.03680520956982,
        "variance": 14649.908215339346,
        "z_arithmetic_mean_rank": 84.06889174119759,
        "z_geometric_mean_rank": 51.004450594837664,
        "z_hits_at_k": 497.6098565725012,
        "z_inverse_harmonic_mean_rank": 768.9367429991476
      },
      "realistic": {
        "adjusted_arithmetic_mean_rank": 0.04474540992483524,
        "adjusted_arithmetic_mean_rank_index": 0.9564631814786776,
        "adjusted_geometric_mean_rank_index": 0.9945081688997597,
        "adjusted_hits_at_k": 0.7817317932800709,
        "adjusted_inverse_harmonic_mean_rank": 0.4847484558084388,
        "arithmetic_mean_rank": 35.41092300415039,
        "count": 2582.0,
        "geometric_mean_rank": 4.197739601135254,
        "harmonic_mean_rank": 2.051958085687749,
        "hits_at_1": 0.28001549186676994,
        "hits_at_10": 0.7831138652207591,
        "hits_at_3": 0.6657629744384198,
        "hits_at_5": 0.7285050348567003,
        "inverse_arithmetic_mean_rank": 0.02823987416923046,
        "inverse_geometric_mean_rank": 0.23822344839572906,
        "inverse_harmonic_mean_rank": 0.48733938913027697,
        "inverse_median_rank": 0.5,