{
  "losses": [
    0.8524712883395913,
    0.5880480842825807,
    0.44109313981032666,
    0.3884598097683471,
    0.36310744837478354,
    0.3546196910334222,
    0.34395730053936996,
    0.32922001366997944,
    0.32932499087887046,
    0.3172247271846842,
    0.3154571976190732,
    0.3048373330154537,
    0.2964781066517771,
    0.2966636285001849,
    0.28944494970786716,
    0.2760649163413931,
    0.2715681436253183,
    0.27017463633307703,
    0.2618787141493809,
    0.2530073841780792,
    0.23448747819588509,
    0.23333510241390745,
    0.22299620509147644,
    0.21269398228621778
  ],
  "metrics": {
    "both": {
      "optimistic": {
        "adjusted_arithmetic_mean_rank": 0.14321823787885368,
        "adjusted_arithmetic_mean_rank_index": 0.8578748627577707,
        "adjusted_geometric_mean_rank_index": 0.9316686083186347,
        "adjusted_hits_at_k": 0.19158572103724508,
        "adjusted_inverse_harmonic_mean_rank": 0.09663281446427377,
        "arithmetic_mean_rank": 112.3989155693261,
        "count": 5164.0,
        "geometric_mean_rank": 40.455425434373765,
        "harmonic_mean_rank": 9.880632099292939,
        "hits_at_1": 0.04763749031758327,
        "hits_at_10": 0.1967467079783114,
        "hits_at_3": 0.09004647560030983,
        "hits_at_5": 0.12296669248644462,
        "inverse_arithmetic_mean_rank": 0.008896882989793738,
        "inverse_geometric_mean_rank": 0.024718563437731888,
        "inverse_harmonic_mean_rank": 0.1012080998412602,
        "inverse_median_rank": 0.021052631578947368,
        "median_absolute_deviation": 60.04538984947688,
        "median_rank": 47.5,
        "standard_deviation": 168.03681579584105,
        "variance": 28236.37146280542,
        "z_arithmetic_mean_rank": 106.63869468998831,
        "z_geometric_mean_rank": 67.5680301446394,
        "z_hits_at_k": 171.75851087334138,
        "z_inverse_harmonic_mean_rank": 215.89954673042382
      },
      "pessimistic": {
        "adjusted_arithmetic_mean_rank": 0.14321823787885368,
        "adjusted_arithmetic_mean_rank_index": 0.8578748627577707,
        "adjusted_geometric_mean_rank_index": 0.9316686083186347,
        "adjusted_hits_at_k": 0.19158572103724508,
        "adjusted_inverse_harmonic_mean_rank": 0.09663281446427377,
        "arithmetic_mean_rank": 112.3989155693261,
        "count": 5164.0,
        "geometric_mean_rank": 40.455425434373765,
        "harmonic_mean_rank": 9.880632099292939,
        "hits_at_1": 0.04763749031758327,
        "hits_at_10": 0.1967467079783114,
        "hits_at_3": 0.09004647560030983,
        "hits_at_5": 0.12296669248644462,
        "inverse_arithmetic_mean_rank": 0.008896882989793738,
        "inverse_geometric_mean_rank": 0.024718563437731888,
        "inverse_harmonic_mean_rank": 0.1012080998412602,
        "inverse_median_rank": 0.021052631578947368,
        "median_absolute_deviation": 60.04538984947688,
        "median_rank": 47.5,
        "standard_deviation": 168.03681579584105,
        "variance": 28236.37146280542,
        "z_arithmetic_mean_rank": 106.63869468998831,
        "z_geometric_mean_rank": 67.5680301446394,
        "z_hits_at_k": 171.75851087334138,
        "z_inverse_harmonic_mean_rank": 215.89954673042382
      },
      "realistic": {
        "adjusted_arithmetic_mean_rank": 0.14321824116950202,
        "adjusted_arithmetic_mean_rank_index": 0.8578748594629241,
        "adjusted_geometric_mean_rank_index": 0.9316686218294473,
        "adjusted_hits_at_k": 0.19158572103724508,
        "adjusted_inverse_harmonic_mean_rank": 0.09663282308553905,
        "arithmetic_mean_rank": 112.39891815185547,
        "count": 5164.0,
        "geometric_mean_rank": 40.45541763305664,
        "harmonic_mean_rank": 9.880631261888478,
        "hits_at_1": 0.04763749031758327,
        "hits_at_10": 0.1967467079783114,
        "hits_at_3": 0.09004647560030983,
        "hits_at_5": 0.12296669248644462,
        "inverse_arithmetic_mean_rank": 0.008896882645785809,
        "inverse_geometric_mean_rank": 0.024718567728996277,
        "inverse_harmonic_mean_rank": 0.10120810841886135,
        "inverse_median_rank": 0.021052632480859756,
        "median_absolute_deviation": 60.04538984947688,
        "median_rank": 47.5,
        "standard_deviation": 168.0368194580078,
        "variance": 28236.37109375,
        "z_arithmetic_mean_rank": 106.63869428042025,
        "z_geometric_mean_rank": 67.56803112449316,
        "z_hits_at_k": 171.75851087334138,
        "z_inverse_harmonic_mean_rank": 215.8995659922789
      }
    },
    "head": {
      "optimistic": {
        "adjusted_arithmetic_mean_rank": 0.14271468214492875,
        "adjusted_arithmetic_mean_rank_index": 0.8583692605426201,
        "adjusted_geometric_mean_rank_index": 0.9444564622332382,
        "adjusted_hits_at_k": 0.23918280682888154,
        "adjusted_inverse_harmonic_mean_rank": 0.10970657872414939,
        "arithmetic_mean_rank": 113.0151045701007,
        "count": 2582.0,
        "geometric_mean_rank": 33.36318332448686,
        "harmonic_mean_rank": 8.758050083288994,
        "hits_at_1": 0.047250193648334625,
        "hits_at_10": 0.243996901626646,
        "hits_at_3": 0.10573199070487994,
        "hits_at_5": 0.15298218435321456,
        "inverse_arithmetic_mean_rank": 0.008848374770822981,
        "inverse_geometric_mean_rank": 0.02997315904403077,
        "inverse_harmonic_mean_rank": 0.11418066698523154,
        "inverse_median_rank": 0.030303030303030304,
        "median_absolute_deviation": 41.51286211815685,
        "median_rank": 33.0,
        "standard_deviation": 189.51244102287427,
        "variance": 35914.9653024484,
        "z_arithmetic_mean_rank": 75.44896148592557,
        "z_geometric_mean_rank": 48.437274609452764,
        "z_hits_at_k": 152.30528015893077,
        "z_inverse_harmonic_mean_rank": 174.0836489848473
      },
      "pessimistic": {
        "adjusted_arithmetic_mean_rank": 0.14271468214492875,
        "adjusted_arithmetic_mean_rank_index": 0.8583692605426201,
        "adjusted_geometric_mean_rank_index": 0.9444564622332382,
        "adjusted_hits_at_k": 0.23918280682888154,
        "adjusted_inverse_harmonic_mean_rank": 0.10970657872414939,
        "arithmetic_mean_rank": 113.0151045701007,
        "count": 2582.0,
        "geometric_mean_rank": 33.36318332448686,
        "harmonic_mean_rank": 8.758050083288994,
        "hits_at_1": 0.047250193648334625,
        "hits_at_10": 0.243996901626646,
        "hits_at_3": 0.10573199070487994,
        "hits_at_5": 0.15298218435321456,
        "inverse_arithmetic_mean_rank": 0.008848374770822981,
        "inverse_geometric_mean_rank": 0.02997315904403077,
        "inverse_harmonic_mean_rank": 0.11418066698523154,
        "inverse_median_rank": 0.030303030303030304,
        "median_absolute_deviation": 41.51286211815685,
        "median_rank": 33.0,
        "standard_deviation": 189.51244102287427,
        "variance": 35914.9653024484,
        "z_arithmetic_mean_rank": 75.44896148592557,
        "z_geometric_mean_rank": 48.437274609452764,
        "z_hits_at_k": 152.30528015893077,
        "z_inverse_harmonic_mean_rank": 174.0836489848473
      },
      "realistic": {
        "adjusted_arithmetic_mean_rank": 0.14271468420463398,
        "adjusted_arithmetic_mean_rank_index": 0.8583692584803106,
        "adjusted_geometric_mean_rank_index": 0.944456477483915,
        "adjusted_hits_at_k": 0.23918280682888154,
        "adjusted_inverse_harmonic_mean_rank": 0.10970659118190905,
        "arithmetic_mean_rank": 113.01510620117188,
        "count": 2582.0,
        "geometric_mean_rank": 33.36317443847656,
        "harmonic_mean_rank": 8.758049132538106,
        "hits_at_1": 0.047250193648334625,
        "hits_at_10": 0.243996901626646,
        "hits_at_3": 0.10573199070487994,
        "hits_at_5": 0.15298218435321456,
        "inverse_arithmetic_mean_rank": 0.008848374709486961,
        "inverse_geometric_mean_rank": 0.029973167926073074,