{
  "losses": [
    1.0770610131323337,
    0.8562220998108387,
    0.7500921979546546,
    0.6837786309421062,
    0.6236767090857029,
    0.5612692076712846,
    0.4828285798430443,
    0.4103988613933325,
    0.3561018168926239,
    0.30287325717508795,
    0.2652868559584022,
    0.24175309464335443,
    0.21526653580367566,
    0.19387997407466173,
    0.1772078231908381,
    0.16727303247898817,
    0.15473237596452236,
    0.14730880334973334,
    0.142686437163502,
    0.13876479202881456,
    0.12807878786697985,
    0.11983319399878382,
    0.11873475285246968,
    0.11335716340690852
  ],
  "metrics": {
    "both": {
      "optimistic": {
        "adjusted_arithmetic_mean_rank": 0.0575411473487645,
        "adjusted_arithmetic_mean_rank_index": 0.9436612619663858,
        "adjusted_geometric_mean_rank_index": 0.9957492125611243,
        "adjusted_hits_at_k": 0.776458250248245,
        "adjusted_inverse_harmonic_mean_rank": 0.6463249001857249,
        "arithmetic_mean_rank": 45.158791634391946,
        "count": 5164.0,
        "geometric_mean_rank": 3.4544594029931943,
        "harmonic_mean_rank": 1.5429332936373648,
        "hits_at_1": 0.5776529821843532,
        "hits_at_10": 0.7778853601859024,
        "hits_at_3": 0.6899690162664601,
        "hits_at_5": 0.7190162664601084,
        "inverse_arithmetic_mean_rank": 0.022144082332761578,
        "inverse_geometric_mean_rank": 0.28948089508116015,
        "inverse_harmonic_mean_rank": 0.6481161590871923,
        "inverse_median_rank": 1.0,
        "median_absolute_deviation": 0.0,
        "median_rank": 1.0,
        "standard_deviation": 157.2547897467911,
        "variance": 24729.068898307472,
        "z_arithmetic_mean_rank": 117.30242903039412,
        "z_geometric_mean_rank": 72.21539097711089,
        "z_hits_at_k": 696.102570149434,
        "z_inverse_harmonic_mean_rank": 1444.0358977878514
      },
      "pessimistic": {
        "adjusted_arithmetic_mean_rank": 0.0575411473487645,
        "adjusted_arithmetic_mean_rank_index": 0.9436612619663858,
        "adjusted_geometric_mean_rank_index": 0.9957492125611243,
        "adjusted_hits_at_k": 0.776458250248245,
        "adjusted_inverse_harmonic_mean_rank": 0.6463249001857249,
        "arithmetic_mean_rank": 45.158791634391946,
        "count": 5164.0,
        "geometric_mean_rank": 3.4544594029931943,
        "harmonic_mean_rank": 1.5429332936373648,
        "hits_at_1": 0.5776529821843532,
        "hits_at_10": 0.7778853601859024,
        "hits_at_3": 0.6899690162664601,
        "hits_at_5": 0.7190162664601084,
        "inverse_arithmetic_mean_rank": 0.022144082332761578,
        "inverse_geometric_mean_rank": 0.28948089508116015,
        "inverse_harmonic_mean_rank": 0.6481161590871923,
        "inverse_median_rank": 1.0,
        "median_absolute_deviation": 0.0,
        "median_rank": 1.0,
        "standard_deviation": 157.2547897467911,
        "variance": 24729.068898307472,
        "z_arithmetic_mean_rank": 117.30242903039412,
        "z_geometric_mean_rank": 72.21539097711089,
        "z_hits_at_k": 696.102570149434,
        "z_inverse_harmonic_mean_rank": 1444.0358977878514
      },
      "realistic": {
        "adjusted_arithmetic_mean_rank": 0.05754114601593897,
        "adjusted_arithmetic_mean_rank_index": 0.9436612633009118,
        "adjusted_geometric_mean_rank_index": 0.9957492125164525,
        "adjusted_hits_at_k": 0.776458250248245,
        "adjusted_inverse_harmonic_mean_rank": 0.6463248964187014,
        "arithmetic_mean_rank": 45.158790588378906,
        "count": 5164.0,
        "geometric_mean_rank": 3.4544594287872314,
        "harmonic_mean_rank": 1.5429333025598837,
        "hits_at_1": 0.5776529821843532,
        "hits_at_10": 0.7778853601859024,
        "hits_at_3": 0.6899690162664601,
        "hits_at_5": 0.7190162664601084,
        "inverse_arithmetic_mean_rank": 0.022144082933664322,
        "inverse_geometric_mean_rank": 0.28948089480400085,
        "inverse_harmonic_mean_rank": 0.6481161553392477,
        "inverse_median_rank": 1.0,
        "median_absolute_deviation": 0.0,
        "median_rank": 1.0,
        "standard_deviation": 157.25477600097656,
        "variance": 24729.06640625,
        "z_arithmetic_mean_rank": 117.30242919628324,
        "z_geometric_mean_rank": 72.21539097387112,
        "z_hits_at_k": 696.102570149434,
        "z_inverse_harmonic_mean_rank": 1444.0358893714695
      }
    },
    "head": {
      "optimistic": {
        "adjusted_arithmetic_mean_rank": 0.07597837112419877,
        "adjusted_arithmetic_mean_rank_index": 0.9251899522646385,
        "adjusted_geometric_mean_rank_index": 0.9949279910583209,
        "adjusted_hits_at_k": 0.7630241529467008,
        "adjusted_inverse_harmonic_mean_rank": 0.6154177459489897,
        "arithmetic_mean_rank": 60.166924864446166,
        "count": 2582.0,
        "geometric_mean_rank": 3.955273679042174,
        "harmonic_mean_rank": 1.6198255530888055,
        "hits_at_1": 0.5278853601859024,
        "hits_at_10": 0.7645236250968241,
        "hits_at_3": 0.6831913245546088,
        "hits_at_5": 0.7153369481022464,
        "inverse_arithmetic_mean_rank": 0.01662042729045838,
        "inverse_geometric_mean_rank": 0.25282700544811965,
        "inverse_harmonic_mean_rank": 0.6173504289354644,
        "inverse_median_rank": 1.0,
        "median_absolute_deviation": 0.0,
        "median_rank": 1.0,
        "standard_deviation": 192.0136689228351,
        "variance": 36869.249053208136,
        "z_arithmetic_mean_rank": 81.3223682211696,
        "z_geometric_mean_rank": 51.025751050048825,
        "z_hits_at_k": 485.8735831531572,
        "z_inverse_harmonic_mean_rank": 976.5518906045943
      },
      "pessimistic": {
        "adjusted_arithmetic_mean_rank": 0.07597837112419877,
        "adjusted_arithmetic_mean_rank_index": 0.9251899522646385,
        "adjusted_geometric_mean_rank_index": 0.9949279910583209,
        "adjusted_hits_at_k": 0.7630241529467008,
        "adjusted_inverse_harmonic_mean_rank": 0.6154177459489897,
        "arithmetic_mean_rank": 60.166924864446166,
        "count": 2582.0,
        "geometric_mean_rank": 3.955273679042174,
        "harmonic_mean_rank": 1.6198255530888055,
        "hits_at_1": 0.5278853601859024,
        "hits_at_10": 0.7645236250968241,
        "hits_at_3": 0.6831913245546088,
        "hits_at_5": 0.7153369481022464,
        "inverse_arithmetic_mean_rank": 0.01662042729045838,
        "inverse_geometric_mean_rank": 0.25282700544811965,
        "inverse_harmonic_mean_rank": 0.6173504289354644,
        "inverse_median_rank": 1.0,
        "median_absolute_deviation": 0.0,
        "median_rank": 1.0,
        "standard_deviation": 192.0136689228351,
        "variance": 36869.249053208136,
        "z_arithmetic_mean_rank": 81.3223682211696,
        "z_geometric_mean_rank": 51.025751050048825,
        "z_hits_at_k": 485.8735831531572,
        "z_inverse_harmonic_mean_rank": 976.5518906045943
      },
      "realistic": {
        "adjusted_arithmetic_mean_rank": 0.07597836943016582,
        "adjusted_arithmetic_mean_rank_index": 0.9251899539608134,
        "adjusted_geometric_mean_rank_index": 0.9949279899179567,
        "adjusted_hits_at_k": 0.7630241529467008,
        "adjusted_inverse_harmonic_mean_rank": 0.6154177349664182,
        "arithmetic_mean_rank": 60.16692352294922,
        "count": 2582.0,
        "geometric_mean_rank": 3.9552743434906006,
        "harmonic_mean_rank": 1.6198255817604452,
        "hits_at_1": 0.5278853601859024,
        "hits_at_10": 0.7645236250968241,
        "hits_at_3": 0.6831913245546088,
        "hits_at_5": 0.7153369481022464,
        "inverse_arithmetic_mean_rank": 0.01662042737007141,
        "inverse_geometric_mean_rank": 0.2528269588947296,
        "inverse_harmonic_mean_rank": 0.6173504180080848,
        "inverse_median_rank": 1.0,
        "median_absolute_deviation": 0.0,
        "median_rank": 1.0,
        "standard_deviation": 192.013671875,