{
  "losses": [
    1.078898155221752,
    0.8704879868264291,
    0.7304378525883544,
    0.5954637457342709,
    0.5016508336160698,
    0.4202398850637324,
    0.35959457591468214,
    0.3119002364429773,
    0.26712112654657927,
    0.241750925487163,
    0.21248475915076687,
    0.1907462299454446,
    0.175284614165624,
    0.16252679260922412,
    0.15351545898353353,
    0.13523976256450018,
    0.1258441548721463,
    0.12096541126569112,
    0.11186810422177408,
    0.1042180127080749,
    0.09639037561182882,
    0.09830259984614802,
    0.08962582606895297,
    0.08808071129754477
  ],
  "metrics": {
    "both": {
      "optimistic": {
        "adjusted_arithmetic_mean_rank": 0.12023970992679119,
        "adjusted_arithmetic_mean_rank_index": 0.880313713125132,
        "adjusted_geometric_mean_rank_index": 0.9591516324470951,
        "adjusted_hits_at_k": 0.20852525807434785,
        "adjusted_inverse_harmonic_mean_rank": 0.09541318833801847,
        "arithmetic_mean_rank": 191.2617574257426,
        "count": 3232.0,
        "geometric_mean_rank": 48.823888243152275,
        "harmonic_mean_rank": 10.217422438867972,
        "hits_at_1": 0.039603960396039604,
        "hits_at_10": 0.2110148514851485,
        "hits_at_3": 0.09405940594059406,
        "hits_at_5": 0.1379950495049505,
        "inverse_arithmetic_mean_rank": 0.0052284367427097925,
        "inverse_geometric_mean_rank": 0.020481777178822984,
        "inverse_harmonic_mean_rank": 0.09787204218902726,
        "inverse_median_rank": 0.017857142857142856,
        "median_absolute_deviation": 74.13011092528009,
        "median_rank": 56.0,
        "standard_deviation": 380.11962704422166,
        "variance": 144490.93086423818,
        "z_arithmetic_mean_rank": 86.64016418114919,
        "z_geometric_mean_rank": 54.83513581354529,
        "z_hits_at_k": 211.04002079774602,
        "z_inverse_harmonic_mean_rank": 239.55672207720175
      },
      "pessimistic": {
        "adjusted_arithmetic_mean_rank": 0.12023990443969877,
        "adjusted_arithmetic_mean_rank_index": 0.8803135184898638,
        "adjusted_geometric_mean_rank_index": 0.9591515805234352,
        "adjusted_hits_at_k": 0.20852525807434785,
        "adjusted_inverse_harmonic_mean_rank": 0.09541318331390167,
        "arithmetic_mean_rank": 191.26206683168317,
        "count": 3232.0,
        "geometric_mean_rank": 48.82394903361851,
        "harmonic_mean_rank": 10.217422961938608,
        "hits_at_1": 0.039603960396039604,
        "hits_at_10": 0.2110148514851485,
        "hits_at_3": 0.09405940594059406,
        "hits_at_5": 0.1379950495049505,
        "inverse_arithmetic_mean_rank": 0.005228428284632271,
        "inverse_geometric_mean_rank": 0.020481751677059838,
        "inverse_harmonic_mean_rank": 0.09787203717856705,
        "inverse_median_rank": 0.017857142857142856,
        "median_absolute_deviation": 74.13011092528009,
        "median_rank": 56.0,
        "standard_deviation": 380.11967363430034,
        "variance": 144490.96628384702,
        "z_arithmetic_mean_rank": 86.64014502521496,
        "z_geometric_mean_rank": 54.835132845046,
        "z_hits_at_k": 211.04002079774602,
        "z_inverse_harmonic_mean_rank": 239.55670946300268
      },
      "realistic": {
        "adjusted_arithmetic_mean_rank": 0.12023981031748616,
        "adjusted_arithmetic_mean_rank_index": 0.8803136126712852,
        "adjusted_geometric_mean_rank_index": 0.959151597777615,
        "adjusted_hits_at_k": 0.20852525807434785,
        "adjusted_inverse_harmonic_mean_rank": 0.0954131909365213,
        "arithmetic_mean_rank": 191.2619171142578,
        "count": 3232.0,
        "geometric_mean_rank": 48.82392883300781,
        "harmonic_mean_rank": 10.217422168332778,
        "hits_at_1": 0.039603960396039604,
        "hits_at_10": 0.2110148514851485,
        "hits_at_3": 0.09405940594059406,
        "hits_at_5": 0.1379950495049505,
        "inverse_arithmetic_mean_rank": 0.005228432361036539,
        "inverse_geometric_mean_rank": 0.020481759682297707,
        "inverse_harmonic_mean_rank": 0.09787204478046682,
        "inverse_median_rank": 0.01785714365541935,
        "median_absolute_deviation": 74.13011092528009,
        "median_rank": 56.0,
        "standard_deviation": 380.11962890625,
        "variance": 144490.9375,
        "z_arithmetic_mean_rank": 86.64015429451713,
        "z_geometric_mean_rank": 54.835133831475325,
        "z_hits_at_k": 211.04002079774602,
        "z_inverse_harmonic_mean_rank": 239.5567286013399
      }
    },
    "head": {
      "optimistic": {
        "adjusted_arithmetic_mean_rank": 0.09368247916830529,
        "adjusted_arithmetic_mean_rank_index": 0.9068825645401979,
        "adjusted_geometric_mean_rank_index": 0.9695666912727166,
        "adjusted_hits_at_k": 0.25696658810962264,
        "adjusted_inverse_harmonic_mean_rank": 0.11331258099285925,
        "arithmetic_mean_rank": 150.35829207920793,
        "count": 1616.0,
        "geometric_mean_rank": 36.962173781292464,
        "harmonic_mean_rank": 8.642811329987884,
        "hits_at_1": 0.04579207920792079,
        "hits_at_10": 0.2592821782178218,
        "hits_at_3": 0.11262376237623763,
        "hits_at_5": 0.17017326732673269,
        "inverse_arithmetic_mean_rank": 0.006650780520127253,
        "inverse_geometric_mean_rank": 0.027054685850379463,
        "inverse_harmonic_mean_rank": 0.11570309264189409,
        "inverse_median_rank": 0.02564102564102564,
        "median_absolute_deviation": 51.891077647696065,
        "median_rank": 39.0,
        "standard_deviation": 307.22577278512887,
        "variance": 94387.67546341963,
        "z_arithmetic_mean_rank": 63.1231456334418,
        "z_geometric_mean_rank": 39.202500215408186,
        "z_hits_at_k": 184.7536034229828,
        "z_inverse_harmonic_mean_rank": 202.100876484406
      },
      "pessimistic": {
        "adjusted_arithmetic_mean_rank": 0.09368286472623073,
        "adjusted_arithmetic_mean_rank_index": 0.9068821787418964,
        "adjusted_geometric_mean_rank_index": 0.96956661338049,
        "adjusted_hits_at_k": 0.25696658810962264,
        "adjusted_inverse_harmonic_mean_rank": 0.11331257094484933,
        "arithmetic_mean_rank": 150.3589108910891,
        "count": 1616.0,
        "geometric_mean_rank": 36.962265824317164,
        "harmonic_mean_rank": 8.642812078532547,
        "hits_at_1": 0.04579207920792079,
        "hits_at_10": 0.2592821782178218,
        "hits_at_3": 0.11262376237623763,
        "hits_at_5": 0.17017326732673269,
        "inverse_arithmetic_mean_rank": 0.006650753148407277,
        "inverse_geometric_mean_rank": 0.02705461847910061,
        "inverse_harmonic_mean_rank": 0.11570308262097362,
        "inverse_median_rank": 0.02564102564102564,
        "median_absolute_deviation": 51.891077647696065,
        "median_rank": 39.0,
        "standard_deviation": 307.2259704607449,
        "variance": 94387.79692554651,
        "z_arithmetic_mean_rank": 63.12311878012768,
        "z_geometric_mean_rank": 39.20249706599097,
        "z_hits_at_k": 184.7536034229828,
        "z_inverse_harmonic_mean_rank": 202.1008585630808
      },
      "realistic": {
        "adjusted_arithmetic_mean_rank": 0.09368266902922708,
        "adjusted_arithmetic_mean_rank_index": 0.9068823745609074,
        "adjusted_geometric_mean_rank_index": 0.9695666560325578,
        "adjusted_hits_at_k": 0.25696658810962264,
        "adjusted_inverse_harmonic_mean_rank": 0.11331258011162307,
        "arithmetic_mean_rank": 150.3585968017578,
        "count": 1616.0,
        "geometric_mean_rank": 36.962215423583984,
        "harmonic_mean_rank": 8.64281139563716,
        "hits_at_1": 0.04579207920792079,
        "hits_at_10": 0.2592821782178218,
        "hits_at_3": 0.11262376237623763,
        "hits_at_5": 0.17017326732673269,
        "inverse_arithmetic_mean_rank": 0.00665076682344079,
        "inverse_geometric_mean_rank": 0.02705465629696846,