{
  "losses": [
    0.9037935152465915,
    0.5867045648671962,
    0.4248555683427387,
    0.31043250720810006,
    0.24182336786646902,
    0.2139209137286669,
    0.19579025744288056,
    0.18614184138951478,
    0.17816985706672256,
    0.17450928448894878,
    0.16459020222594709,
    0.15900667917765218,
    0.15622919071235775,
    0.15412402898073196,
    0.15010369877204482,
    0.14935308368301686,
    0.14816992748298763,
    0.14768761387209833,
    0.1464313580942007,
    0.14580410930477541,
    0.14699491669918285,
    0.1428389199262048,
    0.1428173767103825,
    0.141704544103072
  ],
  "metrics": {
    "both": {
      "optimistic": {
        "adjusted_arithmetic_mean_rank": 0.035701127026823334,
        "adjusted_arithmetic_mean_rank_index": 0.9655289063334631,
        "adjusted_geometric_mean_rank_index": 0.9970248325752062,
        "adjusted_hits_at_k": 0.8224531934482595,
        "adjusted_inverse_harmonic_mean_rank": 0.6913939581022135,
        "arithmetic_mean_rank": 28.024012393493415,
        "count": 5164.0,
        "geometric_mean_rank": 2.7182914845382395,
        "harmonic_mean_rank": 1.4430918160427564,
        "hits_at_1": 0.6316808675445391,
        "hits_at_10": 0.8235863671572424,
        "hits_at_3": 0.721146398140976,
        "hits_at_5": 0.7827265685515105,
        "inverse_arithmetic_mean_rank": 0.03568368390502778,
        "inverse_geometric_mean_rank": 0.3678781343678717,
        "inverse_harmonic_mean_rank": 0.6929566011552876,
        "inverse_median_rank": 1.0,
        "median_absolute_deviation": 0.0,
        "median_rank": 1.0,
        "standard_deviation": 115.64120991735989,
        "variance": 13372.889431150894,
        "z_arithmetic_mean_rank": 120.0242907409859,
        "z_geometric_mean_rank": 72.30778108373637,
        "z_hits_at_k": 737.4356926165084,
        "z_inverse_harmonic_mean_rank": 1544.9320141399596
      },
      "pessimistic": {
        "adjusted_arithmetic_mean_rank": 0.035701127026823334,
        "adjusted_arithmetic_mean_rank_index": 0.9655289063334631,
        "adjusted_geometric_mean_rank_index": 0.9970248325752062,
        "adjusted_hits_at_k": 0.8224531934482595,
        "adjusted_inverse_harmonic_mean_rank": 0.6913939581022135,
        "arithmetic_mean_rank": 28.024012393493415,
        "count": 5164.0,
        "geometric_mean_rank": 2.7182914845382395,
        "harmonic_mean_rank": 1.4430918160427564,
        "hits_at_1": 0.6316808675445391,
        "hits_at_10": 0.8235863671572424,
        "hits_at_3": 0.721146398140976,
        "hits_at_5": 0.7827265685515105,
        "inverse_arithmetic_mean_rank": 0.03568368390502778,
        "inverse_geometric_mean_rank": 0.3678781343678717,
        "inverse_harmonic_mean_rank": 0.6929566011552876,
        "inverse_median_rank": 1.0,
        "median_absolute_deviation": 0.0,
        "median_rank": 1.0,
        "standard_deviation": 115.64120991735989,
        "variance": 13372.889431150894,
        "z_arithmetic_mean_rank": 120.0242907409859,
        "z_geometric_mean_rank": 72.30778108373637,
        "z_hits_at_k": 737.4356926165084,
        "z_inverse_harmonic_mean_rank": 1544.9320141399596
      },
      "realistic": {
        "adjusted_arithmetic_mean_rank": 0.03570112603116319,
        "adjusted_arithmetic_mean_rank_index": 0.9655289073303932,
        "adjusted_geometric_mean_rank_index": 0.9970248325119485,
        "adjusted_hits_at_k": 0.8224531934482595,
        "adjusted_inverse_harmonic_mean_rank": 0.6913939756484028,
        "arithmetic_mean_rank": 28.024011611938477,
        "count": 5164.0,
        "geometric_mean_rank": 2.7182915210723877,
        "harmonic_mean_rank": 1.443091779687596,
        "hits_at_1": 0.6316808675445391,
        "hits_at_10": 0.8235863671572424,
        "hits_at_3": 0.721146398140976,
        "hits_at_5": 0.7827265685515105,
        "inverse_arithmetic_mean_rank": 0.035683684051036835,
        "inverse_geometric_mean_rank": 0.36787813901901245,
        "inverse_harmonic_mean_rank": 0.6929566186126308,
        "inverse_median_rank": 1.0,
        "median_absolute_deviation": 0.0,
        "median_rank": 1.0,
        "standard_deviation": 115.6412124633789,
        "variance": 13372.8896484375,
        "z_arithmetic_mean_rank": 120.02429086491367,
        "z_geometric_mean_rank": 72.3077810791487,
        "z_hits_at_k": 737.4356926165084,
        "z_inverse_harmonic_mean_rank": 1544.9320533472296
      }
    },
    "head": {
      "optimistic": {
        "adjusted_arithmetic_mean_rank": 0.03724372402059443,
        "adjusted_arithmetic_mean_rank_index": 0.9639724441056736,
        "adjusted_geometric_mean_rank_index": 0.996439754036686,
        "adjusted_hits_at_k": 0.8199308068234257,
        "adjusted_inverse_harmonic_mean_rank": 0.6298204648897701,
        "arithmetic_mean_rank": 29.520526723470176,
        "count": 2582.0,
        "geometric_mean_rank": 3.076527185736989,
        "harmonic_mean_rank": 1.5830825699564455,
        "hits_at_1": 0.5426026336173508,
        "hits_at_10": 0.8210689388071263,
        "hits_at_3": 0.6804802478698683,
        "hits_at_5": 0.774593338497289,
        "inverse_arithmetic_mean_rank": 0.03387473432867152,
        "inverse_geometric_mean_rank": 0.3250418213874641,
        "inverse_harmonic_mean_rank": 0.6316789907095702,
        "inverse_median_rank": 1.0,
        "median_absolute_deviation": 0.0,
        "median_rank": 1.0,
        "standard_deviation": 116.22684157871258,
        "variance": 13508.678703363152,
        "z_arithmetic_mean_rank": 84.73786497262876,
        "z_geometric_mean_rank": 51.10292171379954,
        "z_hits_at_k": 522.401006054049,
        "z_inverse_harmonic_mean_rank": 999.9526496507226
      },
      "pessimistic": {
        "adjusted_arithmetic_mean_rank": 0.03724372402059443,
        "adjusted_arithmetic_mean_rank_index": 0.9639724441056736,
        "adjusted_geometric_mean_rank_index": 0.996439754036686,
        "adjusted_hits_at_k": 0.8199308068234257,
        "adjusted_inverse_harmonic_mean_rank": 0.6298204648897701,
        "arithmetic_mean_rank": 29.520526723470176,
        "count": 2582.0,
        "geometric_mean_rank": 3.076527185736989,
        "harmonic_mean_rank": 1.5830825699564455,
        "hits_at_1": 0.5426026336173508,
        "hits_at_10": 0.8210689388071263,
        "hits_at_3": 0.6804802478698683,
        "hits_at_5": 0.774593338497289,
        "inverse_arithmetic_mean_rank": 0.03387473432867152,
        "inverse_geometric_mean_rank": 0.3250418213874641,
        "inverse_harmonic_mean_rank": 0.6316789907095702,
        "inverse_median_rank": 1.0,
        "median_absolute_deviation": 0.0,
        "median_rank": 1.0,
        "standard_deviation": 116.22684157871258,
        "variance": 13508.678703363152,
        "z_arithmetic_mean_rank": 84.73786497262876,
        "z_geometric_mean_rank": 51.10292171379954,
        "z_hits_at_k": 522.401006054049,
        "z_inverse_harmonic_mean_rank": 999.9526496507226
      },
      "realistic": {
        "adjusted_arithmetic_mean_rank": 0.03724372422562826,
        "adjusted_arithmetic_mean_rank_index": 0.9639724439003808,
        "adjusted_geometric_mean_rank_index": 0.9964397537428784,
        "adjusted_hits_at_k": 0.8199308068234257,
        "adjusted_inverse_harmonic_mean_rank": 0.6298204505557556,
        "arithmetic_mean_rank": 29.520526885986328,
        "count": 2582.0,
        "geometric_mean_rank": 3.0765273571014404,
        "harmonic_mean_rank": 1.5830826056992862,
        "hits_at_1": 0.5426026336173508,
        "hits_at_10": 0.8210689388071263,
        "hits_at_3": 0.6804802478698683,
        "hits_at_5": 0.774593338497289,
        "inverse_arithmetic_mean_rank": 0.03387473523616791,
        "inverse_geometric_mean_rank": 0.325041800737381,
        "inverse_harmonic_mean_rank": 0.6316789764475212,
        "inverse_median_rank": 1.0,
        "median_absolute_deviation": 0.0,
        "median_rank": 1.0,
        "standard_deviation": 116.22684478759766,