{
  "losses": [
    0.5879968775041176,
    0.40727820892125266,
    0.3829198424462919,
    0.3599486163368932,
    0.3439174752544474,
    0.31779890695605617,
    0.2927054354939798,
    0.2664796099919663,
    0.24211590895147034,
    0.22220215858634473,
    0.20787058376804346,
    0.1886271051435358,
    0.17902458544431712,
    0.172395796938376,
    0.16680005937814713,
    0.1567315397539524,
    0.1524682077594879,
    0.14676288838940438,
    0.1399672470409862,
    0.13522350359143634,
    0.1303872758089894,
    0.1305271902369329,
    0.12579082238553752,
    0.12130191523318339,
    0.12030249781379795,
    0.11716124284949768,
    0.11452237531693295,
    0.11141519360118843,
    0.11053583556503961,
    0.10841486999382476,
    0.1089072373730165,
    0.10661890804265886,
    0.10618871891940082,
    0.10140765892335461,
    0.10240876330972119,
    0.09880920922264506,
    0.09808080110335189,
    0.09665514937655291,
    0.09706760520234654,
    0.09509934637984041,
    0.09179769329701609,
    0.09305348264849948,
    0.0915622653734403,
    0.09108779941895594,
    0.0896158316219696,
    0.08891453257815203,
    0.087859603403895,
    0.0874161125358307,
    0.08722702608214886,
    0.0878010617086181,
    0.0849514117320178,
    0.08466183310155113,
    0.0839230840906551,
    0.08239471947504615,
    0.08303784921464294,
    0.0821559002704492,
    0.08244457268955732,
    0.08005716511195758,
    0.07922924738941771,
    0.07975949593490422,
    0.07795662192082164,
    0.07855160736325213,
    0.07695409181443127,
    0.07771934318020689,
    0.07735782915644775,
    0.07697003359846796,
    0.07540346016034935,
    0.07344066465166883,
    0.07491130005530637,
    0.07392064258707091
  ],
  "metrics": {
    "both": {
      "optimistic": {
        "adjusted_arithmetic_mean_rank": 0.08826699794933507,
        "adjusted_arithmetic_mean_rank_index": 0.9119335782066179,
        "adjusted_geometric_mean_rank_index": 0.9972854462676283,
        "adjusted_hits_at_k": 0.6065367760704277,
        "adjusted_inverse_harmonic_mean_rank": 0.5537128912177139,
        "arithmetic_mean_rank": 401.3121045972164,
        "count": 18968.0,
        "geometric_mean_rank": 10.08155578458044,
        "harmonic_mean_rank": 1.80443939692034,
        "hits_at_1": 0.5238296077604386,
        "hits_at_10": 0.6069696330662168,
        "hits_at_3": 0.5643188528047237,
        "hits_at_5": 0.5814002530577815,
        "inverse_arithmetic_mean_rank": 0.0024918261586045773,
        "inverse_geometric_mean_rank": 0.09919103969344516,
        "inverse_harmonic_mean_rank": 0.5541887423355492,
        "inverse_median_rank": 1.0,
        "median_absolute_deviation": 0.0,
        "median_rank": 1.0,
        "standard_deviation": 1172.0511206491146,
        "variance": 1373703.8294148452,
        "z_arithmetic_mean_rank": 217.48736989083002,
        "z_geometric_mean_rank": 137.68931007139074,
        "z_hits_at_k": 2517.1482876388804,
        "z_inverse_harmonic_mean_rank": 5680.951684139015
      },
      "pessimistic": {
        "adjusted_arithmetic_mean_rank": 0.08826704433187711,
        "adjusted_arithmetic_mean_rank_index": 0.9119335318138719,
        "adjusted_geometric_mean_rank_index": 0.9972854443766456,
        "adjusted_hits_at_k": 0.6065367760704277,
        "adjusted_inverse_harmonic_mean_rank": 0.5537128847587172,
        "arithmetic_mean_rank": 401.31231547870095,
        "count": 18968.0,
        "geometric_mean_rank": 10.081562110874462,
        "harmonic_mean_rank": 1.8044394179284202,
        "hits_at_1": 0.5238296077604386,
        "hits_at_10": 0.6069696330662168,
        "hits_at_3": 0.5643188528047237,
        "hits_at_5": 0.5814002530577815,
        "inverse_arithmetic_mean_rank": 0.0024918248492004566,
        "inverse_geometric_mean_rank": 0.0991909774499481,
        "inverse_harmonic_mean_rank": 0.5541887358834392,
        "inverse_median_rank": 1.0,
        "median_absolute_deviation": 0.0,
        "median_rank": 1.0,
        "standard_deviation": 1172.0516291512927,
        "variance": 1373705.0213961992,
        "z_arithmetic_mean_rank": 217.4873588266072,
        "z_geometric_mean_rank": 137.68930981031392,
        "z_hits_at_k": 2517.1482876388804,
        "z_inverse_harmonic_mean_rank": 5680.95161787137
      },
      "realistic": {
        "adjusted_arithmetic_mean_rank": 0.08826701779440463,
        "adjusted_arithmetic_mean_rank_index": 0.9119335583571826,
        "adjusted_geometric_mean_rank_index": 0.9972854455374073,
        "adjusted_hits_at_k": 0.6065367760704277,
        "adjusted_inverse_harmonic_mean_rank": 0.5537128771997377,
        "arithmetic_mean_rank": 401.31219482421875,
        "count": 18968.0,
        "geometric_mean_rank": 10.081558227539062,
        "harmonic_mean_rank": 1.8044394425142272,
        "hits_at_1": 0.5238296077604386,
        "hits_at_10": 0.6069696330662168,
        "hits_at_3": 0.5643188528047237,
        "hits_at_5": 0.5814002530577815,
        "inverse_arithmetic_mean_rank": 0.002491825493052602,
        "inverse_geometric_mean_rank": 0.09919101744890213,
        "inverse_harmonic_mean_rank": 0.5541887283325195,
        "inverse_median_rank": 1.0,
        "median_absolute_deviation": 0.0,
        "median_rank": 1.0,
        "standard_deviation": 1172.0513916015625,
        "variance": 1373704.375,
        "z_arithmetic_mean_rank": 217.48736515693096,
        "z_geometric_mean_rank": 137.68930997057345,
        "z_hits_at_k": 2517.1482876388804,
        "z_inverse_harmonic_mean_rank": 5680.951540318189
      }
    },
    "head": {
      "optimistic": {
        "adjusted_arithmetic_mean_rank": 0.06907963721416177,
        "adjusted_arithmetic_mean_rank_index": 0.9311235700545241,
        "adjusted_geometric_mean_rank_index": 0.9976502463666909,
        "adjusted_hits_at_k": 0.61524859122853,
        "adjusted_inverse_harmonic_mean_rank": 0.5536267085404392,
        "arithmetic_mean_rank": 316.532370307887,
        "count": 9484.0,
        "geometric_mean_rank": 8.923599542345935,
        "harmonic_mean_rank": 1.8047308095650243,
        "hits_at_1": 0.5198228595529313,
        "hits_at_10": 0.6156684943062,
        "hits_at_3": 0.5646351750316322,
        "hits_at_5": 0.5844580345845635,
        "inverse_arithmetic_mean_rank": 0.0031592345485149365,
        "inverse_geometric_mean_rank": 0.11206240208949458,
        "inverse_harmonic_mean_rank": 0.5540992566315304,
        "inverse_median_rank": 1.0,
        "median_absolute_deviation": 0.0,
        "median_rank": 1.0,
        "standard_deviation": 1013.7547760675766,
        "variance": 1027698.7459998223,
        "z_arithmetic_mean_rank": 157.0386453927958,
        "z_geometric_mean_rank": 97.39869081523007,
        "z_hits_at_k": 1812.6955809494411,
        "z_inverse_harmonic_mean_rank": 4032.445756486118
      },
      "pessimistic": {
        "adjusted_arithmetic_mean_rank": 0.06907968323667896,
        "adjusted_arithmetic_mean_rank_index": 0.9311235240219607,
        "adjusted_geometric_mean_rank_index": 0.9976502462056552,
        "adjusted_hits_at_k": 0.61524859122853,
        "adjusted_inverse_harmonic_mean_rank": 0.5536267085185363,
        "arithmetic_mean_rank": 316.53258118937157,
        "count": 9484.0,
        "geometric_mean_rank": 8.923600085373614,
        "harmonic_mean_rank": 1.8047308096362875,
        "hits_at_1": 0.5198228595529313,
        "hits_at_10": 0.6156684943062,
        "hits_at_3": 0.5646351750316322,
        "hits_at_5": 0.5844580345845635,
        "inverse_arithmetic_mean_rank": 0.0031592324437582343,
        "inverse_geometric_mean_rank": 0.11206239527016319,
        "inverse_harmonic_mean_rank": 0.5540992566096508,
        "inverse_median_rank": 1.0,
        "median_absolute_deviation": 0.0,
        "median_rank": 1.0,
        "standard_deviation": 1013.7556662829322,
        "variance": 1027700.5509207519,
        "z_arithmetic_mean_rank": 157.03863762917385,