{
  "losses": [
    0.5969247832041397,
    0.40753522475159126,
    0.3804782389189659,
    0.35691585484578553,
    0.3252263567865096,
    0.2978440306905143,
    0.26788378845561633,
    0.24647548388351093,
    0.22269816967574033,
    0.20275935738877415,
    0.18990141788014658,
    0.17808368960113236,
    0.16786951514004858,
    0.1590937668526614,
    0.15172262825949825,
    0.1458341831259856,
    0.141363121443726,
    0.13474296269192038,
    0.1314505045161103,
    0.12805886488871943,
    0.12436921362724368,
    0.12024397686475054,
    0.11750008138241591,
    0.11523438630130155,
    0.11419241443928645,
    0.11100336689790491,
    0.10740337729052662,
    0.10358257369712146,
    0.10487990357257702,
    0.10038647009216575,
    0.09886115095781958,
    0.09593121028859607,
    0.09558456626905737,
    0.09287562222542987,
    0.09288050059969176,
    0.0911233859130429,
    0.08998850728024538,
    0.0895338191553599,
    0.0900733374962301,
    0.08623713619931779,
    0.08628015225182478,
    0.08684311363131109,
    0.08291309565205365,
    0.08596323208525927,
    0.08394219467936943,
    0.08416469945801228,
    0.08228887324080322,
    0.0798323728921839,
    0.07957196736125031,
    0.0788312534666824
  ],
  "metrics": {
    "both": {
      "optimistic": {
        "adjusted_arithmetic_mean_rank": 0.09615856758450093,
        "adjusted_arithmetic_mean_rank_index": 0.90404025368822,
        "adjusted_geometric_mean_rank_index": 0.9968294277454646,
        "adjusted_hits_at_k": 0.5882754808403595,
        "adjusted_inverse_harmonic_mean_rank": 0.5263151272323541,
        "arithmetic_mean_rank": 437.2329713201181,
        "count": 18968.0,
        "geometric_mean_rank": 11.608170632161482,
        "harmonic_mean_rank": 1.8981810079355237,
        "hits_at_1": 0.49082665541965415,
        "hits_at_10": 0.588728384647828,
        "hits_at_3": 0.5420708561788276,
        "hits_at_5": 0.5606284268241248,
        "inverse_arithmetic_mean_rank": 0.0022871102263416787,
        "inverse_geometric_mean_rank": 0.08614621818440625,
        "inverse_harmonic_mean_rank": 0.5268201482468775,
        "inverse_median_rank": 0.5,
        "median_absolute_deviation": 1.482602218505602,
        "median_rank": 2.0,
        "standard_deviation": 1194.0305265922607,
        "variance": 1425708.8984341912,
        "z_arithmetic_mean_rank": 215.6049025325802,
        "z_geometric_mean_rank": 137.62632607304613,
        "z_hits_at_k": 2441.478811673967,
        "z_inverse_harmonic_mean_rank": 5400.112102309873
      },
      "pessimistic": {
        "adjusted_arithmetic_mean_rank": 0.09615863715174364,
        "adjusted_arithmetic_mean_rank_index": 0.9040401841056744,
        "adjusted_geometric_mean_rank_index": 0.9968294270790038,
        "adjusted_hits_at_k": 0.5882754808403595,
        "adjusted_inverse_harmonic_mean_rank": 0.5263151269505814,
        "arithmetic_mean_rank": 437.233287642345,
        "count": 18968.0,
        "geometric_mean_rank": 11.608172862020954,
        "harmonic_mean_rank": 1.898181008949694,
        "hits_at_1": 0.49082665541965415,
        "hits_at_10": 0.588728384647828,
        "hits_at_3": 0.5420708561788276,
        "hits_at_5": 0.5606284268241248,
        "inverse_arithmetic_mean_rank": 0.0022871085717014205,
        "inverse_geometric_mean_rank": 0.08614620163624119,
        "inverse_harmonic_mean_rank": 0.5268201479654052,
        "inverse_median_rank": 0.5,
        "median_absolute_deviation": 1.482602218505602,
        "median_rank": 2.0,
        "standard_deviation": 1194.0312664068815,
        "variance": 1425710.6651572215,
        "z_arithmetic_mean_rank": 215.60488593781253,
        "z_geometric_mean_rank": 137.62632598103184,
        "z_hits_at_k": 2441.478811673967,
        "z_inverse_harmonic_mean_rank": 5400.112099418821
      },
      "realistic": {
        "adjusted_arithmetic_mean_rank": 0.09615860111412292,
        "adjusted_arithmetic_mean_rank_index": 0.9040402201512224,
        "adjusted_geometric_mean_rank_index": 0.996829427782174,
        "adjusted_hits_at_k": 0.5882754808403595,
        "adjusted_inverse_harmonic_mean_rank": 0.5263151021543878,
        "arithmetic_mean_rank": 437.2331237792969,
        "count": 18968.0,
        "geometric_mean_rank": 11.608170509338379,
        "harmonic_mean_rank": 1.8981810981973903,
        "hits_at_1": 0.49082665541965415,
        "hits_at_10": 0.588728384647828,
        "hits_at_3": 0.5420708561788276,
        "hits_at_5": 0.5606284268241248,
        "inverse_arithmetic_mean_rank": 0.0022871093824505806,
        "inverse_geometric_mean_rank": 0.08614622056484222,
        "inverse_harmonic_mean_rank": 0.5268201231956482,
        "inverse_median_rank": 0.5,
        "median_absolute_deviation": 1.482602218505602,
        "median_rank": 2.0,
        "standard_deviation": 1194.0308837890625,
        "variance": 1425709.75,
        "z_arithmetic_mean_rank": 215.60489453432893,
        "z_geometric_mean_rank": 137.6263260781144,
        "z_hits_at_k": 2441.478811673967,
        "z_inverse_harmonic_mean_rank": 5400.111845004273
      }
    },
    "head": {
      "optimistic": {
        "adjusted_arithmetic_mean_rank": 0.07414803248538443,
        "adjusted_arithmetic_mean_rank_index": 0.9260540573930988,
        "adjusted_geometric_mean_rank_index": 0.9972567804418109,
        "adjusted_hits_at_k": 0.5887540742404563,
        "adjusted_inverse_harmonic_mean_rank": 0.5312660958769686,
        "arithmetic_mean_rank": 339.7749894559258,
        "count": 9484.0,
        "geometric_mean_rank": 10.25090933737823,
        "harmonic_mean_rank": 1.8805395115551853,
        "hits_at_1": 0.4979966258962463,
        "hits_at_10": 0.5892028679881907,
        "hits_at_3": 0.5424926191480388,
        "hits_at_5": 0.5594685786587937,
        "inverse_arithmetic_mean_rank": 0.002943124217592584,
        "inverse_geometric_mean_rank": 0.09755232117346574,
        "inverse_harmonic_mean_rank": 0.5317622915420751,
        "inverse_median_rank": 0.5,
        "median_absolute_deviation": 1.482602218505602,
        "median_rank": 2.0,
        "standard_deviation": 1002.4536006256699,
        "variance": 1004913.2214073701,
        "z_arithmetic_mean_rank": 156.18363960144399,
        "z_geometric_mean_rank": 97.3602676058965,
        "z_hits_at_k": 1734.6825561461048,
        "z_inverse_harmonic_mean_rank": 3869.6829971770717
      },
      "pessimistic": {
        "adjusted_arithmetic_mean_rank": 0.07414810151539396,
        "adjusted_arithmetic_mean_rank_index": 0.9260539883480218,
        "adjusted_geometric_mean_rank_index": 0.997256780211359,
        "adjusted_hits_at_k": 0.5887540742404563,
        "adjusted_inverse_harmonic_mean_rank": 0.5312660958578507,
        "arithmetic_mean_rank": 339.7753057781527,
        "count": 9484.0,
        "geometric_mean_rank": 10.250910114526665,
        "harmonic_mean_rank": 1.8805395116227228,
        "hits_at_1": 0.4979966258962463,
        "hits_at_10": 0.5892028679881907,
        "hits_at_3": 0.5424926191480388,
        "hits_at_5": 0.5594685786587937,
        "inverse_arithmetic_mean_rank": 0.002943121477618281,
        "inverse_geometric_mean_rank": 0.09755231377776791,
        "inverse_harmonic_mean_rank": 0.5317622915229775,
        "inverse_median_rank": 0.5,
        "median_absolute_deviation": 1.482602218505602,
        "median_rank": 2.0,
        "standard_deviation": 1002.4548904982342,
        "variance": 1004915.8074838268,
        "z_arithmetic_mean_rank": 156.18362795664706,
        "z_geometric_mean_rank": 97.36026758339793,
        "z_hits_at_k": 1734.6825561461048,
        "z_inverse_harmonic_mean_rank": 3869.6829970378194
      },
      "realistic": {
        "adjusted_arithmetic_mean_rank": 0.07414806675321142,
        "adjusted_arithmetic_mean_rank_index": 0.9260540231177921,
        "adjusted_geometric_mean_rank_index": 0.9972567797374604,
        "adjusted_hits_at_k": 0.5887540742404563,