{
  "losses": [
    0.9842338812204054,
    0.9013496195828473,
    0.7029868408485695,
    0.521549149059955,
    0.42899165035765846,
    0.3838296565744612,
    0.35854603478937974,
    0.33412917602209397,
    0.3076266826670847,
    0.2887789220721633,
    0.2700430886980928,
    0.24877105598096494,
    0.2317215958495199,
    0.21924871371852028,
    0.2034624656777323,
    0.1876066862433045,
    0.17538619538148245,
    0.16530650633352775,
    0.15113711182349993,
    0.14024594481344577,
    0.13318326278233233,
    0.12500081735628624,
    0.11376169204343985,
    0.10754784831294308
  ],
  "metrics": {
    "both": {
      "optimistic": {
        "adjusted_arithmetic_mean_rank": 0.049243822469275195,
        "adjusted_arithmetic_mean_rank_index": 0.9519691727517721,
        "adjusted_geometric_mean_rank_index": 0.9936164005495373,
        "adjusted_hits_at_k": 0.7339716753172227,
        "adjusted_inverse_harmonic_mean_rank": 0.5161398202133801,
        "arithmetic_mean_rank": 38.64697908597986,
        "count": 5164.0,
        "geometric_mean_rank": 4.685972521899196,
        "harmonic_mean_rank": 1.9283040074586784,
        "hits_at_1": 0.4192486444616576,
        "hits_at_10": 0.7356700232378002,
        "hits_at_3": 0.5565453137103021,
        "hits_at_5": 0.6150271107668474,
        "inverse_arithmetic_mean_rank": 0.025875243645182466,
        "inverse_geometric_mean_rank": 0.21340287321930476,
        "inverse_harmonic_mean_rank": 0.5185904277188663,
        "inverse_median_rank": 0.5,
        "median_absolute_deviation": 1.482602218505602,
        "median_rank": 2.0,
        "standard_deviation": 118.8928198134358,
        "variance": 14135.502603190114,
        "z_arithmetic_mean_rank": 118.3351493025635,
        "z_geometric_mean_rank": 72.06071161472276,
        "z_hits_at_k": 658.012931721514,
        "z_inverse_harmonic_mean_rank": 1153.173007030544
      },
      "pessimistic": {
        "adjusted_arithmetic_mean_rank": 0.049244069215190076,
        "adjusted_arithmetic_mean_rank_index": 0.9519689256910534,
        "adjusted_geometric_mean_rank_index": 0.9936163904430924,
        "adjusted_hits_at_k": 0.7339716753172227,
        "adjusted_inverse_harmonic_mean_rank": 0.5161398121639964,
        "arithmetic_mean_rank": 38.64717273431449,
        "count": 5164.0,
        "geometric_mean_rank": 4.685978357490626,
        "harmonic_mean_rank": 1.9283040372375668,
        "hits_at_1": 0.4192486444616576,
        "hits_at_10": 0.7356700232378002,
        "hits_at_3": 0.5565453137103021,
        "hits_at_5": 0.6150271107668474,
        "inverse_arithmetic_mean_rank": 0.025875113992804673,
        "inverse_geometric_mean_rank": 0.21340260746221348,
        "inverse_harmonic_mean_rank": 0.5185904197102503,
        "inverse_median_rank": 0.5,
        "median_absolute_deviation": 1.482602218505602,
        "median_rank": 2.0,
        "standard_deviation": 118.89301013910956,
        "variance": 14135.547859938408,
        "z_arithmetic_mean_rank": 118.33511859151963,
        "z_geometric_mean_rank": 72.06071088176624,
        "z_hits_at_k": 658.012931721514,
        "z_inverse_harmonic_mean_rank": 1153.1729890464017
      },
      "realistic": {
        "adjusted_arithmetic_mean_rank": 0.04924394551467382,
        "adjusted_arithmetic_mean_rank_index": 0.9519690495493895,
        "adjusted_geometric_mean_rank_index": 0.9936163953025015,
        "adjusted_hits_at_k": 0.7339716753172227,
        "adjusted_inverse_harmonic_mean_rank": 0.5161398217358615,
        "arithmetic_mean_rank": 38.64707565307617,
        "count": 5164.0,
        "geometric_mean_rank": 4.685975551605225,
        "harmonic_mean_rank": 1.9283040018262223,
        "hits_at_1": 0.4192486444616576,
        "hits_at_10": 0.7356700232378002,
        "hits_at_3": 0.5565453137103021,
        "hits_at_5": 0.6150271107668474,
        "inverse_arithmetic_mean_rank": 0.02587517909705639,
        "inverse_geometric_mean_rank": 0.21340273320674896,
        "inverse_harmonic_mean_rank": 0.5185904292336367,
        "inverse_median_rank": 0.5,
        "median_absolute_deviation": 1.482602218505602,
        "median_rank": 2.0,
        "standard_deviation": 118.89291381835938,
        "variance": 14135.5244140625,
        "z_arithmetic_mean_rank": 118.33513398781092,
        "z_geometric_mean_rank": 72.06071123418845,
        "z_hits_at_k": 658.012931721514,
        "z_inverse_harmonic_mean_rank": 1153.1730104321114
      }
    },
    "head": {
      "optimistic": {
        "adjusted_arithmetic_mean_rank": 0.05048579871412264,
        "adjusted_arithmetic_mean_rank_index": 0.9507147572195573,
        "adjusted_geometric_mean_rank_index": 0.9940847039808898,
        "adjusted_hits_at_k": 0.7353509865967267,
        "adjusted_inverse_harmonic_mean_rank": 0.5551085423214595,
        "arithmetic_mean_rank": 39.97947327652982,
        "count": 2582.0,
        "geometric_mean_rank": 4.446626145582482,
        "harmonic_mean_rank": 1.7942230563021049,
        "hits_at_1": 0.46746707978311386,
        "hits_at_10": 0.7370255615801704,
        "hits_at_3": 0.6053446940356313,
        "hits_at_5": 0.6684740511231604,
        "inverse_arithmetic_mean_rank": 0.02501283578908619,
        "inverse_geometric_mean_rank": 0.22488960557060858,
        "inverse_harmonic_mean_rank": 0.5573443037015703,
        "inverse_median_rank": 0.5,
        "median_absolute_deviation": 1.482602218505602,
        "median_rank": 2.0,
        "standard_deviation": 113.32211773166631,
        "variance": 12841.902367189641,
        "z_arithmetic_mean_rank": 83.56594812844868,
        "z_geometric_mean_rank": 50.98250233570624,
        "z_hits_at_k": 468.25204333724196,
        "z_inverse_harmonic_mean_rank": 880.8525591975928
      },
      "pessimistic": {
        "adjusted_arithmetic_mean_rank": 0.050486287789642745,
        "adjusted_arithmetic_mean_rank_index": 0.9507142675256552,
        "adjusted_geometric_mean_rank_index": 0.9940846849732441,
        "adjusted_hits_at_k": 0.7353509865967267,
        "adjusted_inverse_harmonic_mean_rank": 0.5551085262233278,
        "arithmetic_mean_rank": 39.97986057319907,
        "count": 2582.0,
        "geometric_mean_rank": 4.446637220640845,
        "harmonic_mean_rank": 1.7942231078653619,
        "hits_at_1": 0.46746707978311386,
        "hits_at_10": 0.7370255615801704,
        "hits_at_3": 0.6053446940356313,
        "hits_at_5": 0.6684740511231604,
        "inverse_arithmetic_mean_rank": 0.0250125934823885,
        "inverse_geometric_mean_rank": 0.22488904544722021,
        "inverse_harmonic_mean_rank": 0.5573442876843384,
        "inverse_median_rank": 0.5,
        "median_absolute_deviation": 1.482602218505602,
        "median_rank": 2.0,
        "standard_deviation": 113.32251254040436,
        "variance": 12841.991848470103,
        "z_arithmetic_mean_rank": 83.56590508532254,
        "z_geometric_mean_rank": 50.98250136088253,
        "z_hits_at_k": 468.25204333724196,
        "z_inverse_harmonic_mean_rank": 880.8525336528943
      },
      "realistic": {
        "adjusted_arithmetic_mean_rank": 0.05048604418472022,
        "adjusted_arithmetic_mean_rank_index": 0.9507145114385893,
        "adjusted_geometric_mean_rank_index": 0.9940846949087606,
        "adjusted_hits_at_k": 0.7353509865967267,
        "adjusted_inverse_harmonic_mean_rank": 0.5551085408126359,
        "arithmetic_mean_rank": 39.97966766357422,
        "count": 2582.0,
        "geometric_mean_rank": 4.44663143157959,
        "harmonic_mean_rank": 1.7942230611349548,
        "hits_at_1": 0.46746707978311386,
        "hits_at_10": 0.7370255615801704,
        "hits_at_3": 0.6053446940356313,
        "hits_at_5": 0.6684740511231604,
        "inverse_arithmetic_mean_rank": 0.02501271478831768,
        "inverse_geometric_mean_rank": 0.22488933801651,
        "inverse_harmonic_mean_rank": 0.5573443022003293,
        "inverse_median_rank": 0.5,
        "median_absolute_deviation": 1.482602218505602,