{
  "losses": [
    1.0633142658159243,
    0.8178718052011855,
    0.6200397661391724,
    0.4633408899002887,
    0.34761702760736995,
    0.2717877482691555,
    0.2142296798051672,
    0.17349435536996693,
    0.14435432634666456,
    0.12378256213157734,
    0.10310671372827909,
    0.0908481572483871,
    0.08230892904367007,
    0.0712577591762475,
    0.06437306687341514,
    0.055243569974463884,
    0.053521689423855316,
    0.04640914456165852
  ],
  "metrics": {
    "both": {
      "optimistic": {
        "adjusted_arithmetic_mean_rank": 0.15747890827951308,
        "adjusted_arithmetic_mean_rank_index": 0.8426751433256088,
        "adjusted_geometric_mean_rank_index": 0.9528992202902745,
        "adjusted_hits_at_k": 0.0972858854155705,
        "adjusted_inverse_harmonic_mean_rank": 0.04473697232218997,
        "arithmetic_mean_rank": 861.4227777777778,
        "count": 9000.0,
        "geometric_mean_rank": 190.60585033025117,
        "harmonic_mean_rank": 21.93005301658653,
        "hits_at_1": 0.014777777777777779,
        "hits_at_10": 0.09811111111111111,
        "hits_at_3": 0.04088888888888889,
        "hits_at_5": 0.06188888888888889,
        "inverse_arithmetic_mean_rank": 0.0011608701624766778,
        "inverse_geometric_mean_rank": 0.005246428681319911,
        "inverse_harmonic_mean_rank": 0.04559952496437934,
        "inverse_median_rank": 0.0043859649122807015,
        "median_absolute_deviation": 317.27687476019884,
        "median_rank": 228.0,
        "standard_deviation": 1507.4146381702885,
        "variance": 2272298.891370062,
        "z_arithmetic_mean_rank": 138.45192886100693,
        "z_geometric_mean_rank": 90.59718228810713,
        "z_hits_at_k": 305.1133714036122,
        "z_inverse_harmonic_mean_rank": 346.7390293333058
      },
      "pessimistic": {
        "adjusted_arithmetic_mean_rank": 0.15747909109207892,
        "adjusted_arithmetic_mean_rank_index": 0.8426749604796163,
        "adjusted_geometric_mean_rank_index": 0.9528990277995838,
        "adjusted_hits_at_k": 0.0972858854155705,
        "adjusted_inverse_harmonic_mean_rank": 0.044736852407274666,
        "arithmetic_mean_rank": 861.4237777777778,
        "count": 9000.0,
        "geometric_mean_rank": 190.60662520831727,
        "harmonic_mean_rank": 21.930110635012092,
        "hits_at_1": 0.014777777777777779,
        "hits_at_10": 0.09811111111111111,
        "hits_at_3": 0.04088888888888889,
        "hits_at_5": 0.06188888888888889,
        "inverse_arithmetic_mean_rank": 0.001160868814858708,
        "inverse_geometric_mean_rank": 0.005246407352877072,
        "inverse_harmonic_mean_rank": 0.04559940515774095,
        "inverse_median_rank": 0.0043859649122807015,
        "median_absolute_deviation": 317.27687476019884,
        "median_rank": 228.0,
        "standard_deviation": 1507.4167371777141,
        "variance": 2272305.219523506,
        "z_arithmetic_mean_rank": 138.451898819323,
        "z_geometric_mean_rank": 90.59716398699636,
        "z_hits_at_k": 305.1133714036122,
        "z_inverse_harmonic_mean_rank": 346.7380999190165
      },
      "realistic": {
        "adjusted_arithmetic_mean_rank": 0.1574789998742421,
        "adjusted_arithmetic_mean_rank_index": 0.8426750517141319,
        "adjusted_geometric_mean_rank_index": 0.9528990990217495,
        "adjusted_hits_at_k": 0.0972858854155705,
        "adjusted_inverse_harmonic_mean_rank": 0.04473691426502346,
        "arithmetic_mean_rank": 861.4232788085938,
        "count": 9000.0,
        "geometric_mean_rank": 190.60633850097656,
        "harmonic_mean_rank": 21.930080912682566,
        "hits_at_1": 0.014777777777777779,
        "hits_at_10": 0.09811111111111111,
        "hits_at_3": 0.04088888888888889,
        "hits_at_5": 0.06188888888888889,
        "inverse_arithmetic_mean_rank": 0.0011608694912865758,
        "inverse_geometric_mean_rank": 0.005246415268629789,
        "inverse_harmonic_mean_rank": 0.04559946695963542,
        "inverse_median_rank": 0.004385964944958687,
        "median_absolute_deviation": 317.27687476019884,
        "median_rank": 228.0,
        "standard_deviation": 1507.415771484375,
        "variance": 2272302.25,
        "z_arithmetic_mean_rank": 138.45191380919752,
        "z_geometric_mean_rank": 90.59717075846535,
        "z_hits_at_k": 305.1133714036122,
        "z_inverse_harmonic_mean_rank": 346.73857935458534
      }
    },
    "head": {
      "optimistic": {
        "adjusted_arithmetic_mean_rank": 0.10152207244812028,
        "adjusted_arithmetic_mean_rank_index": 0.8986419837144518,
        "adjusted_geometric_mean_rank_index": 0.962348732918837,
        "adjusted_hits_at_k": 0.09962250089294708,
        "adjusted_inverse_harmonic_mean_rank": 0.046161126708110435,
        "arithmetic_mean_rank": 556.1022222222222,
        "count": 4500.0,
        "geometric_mean_rank": 152.78533449658025,
        "harmonic_mean_rank": 21.266950516942586,
        "hits_at_1": 0.014888888888888889,
        "hits_at_10": 0.10044444444444445,
        "hits_at_3": 0.04022222222222222,
        "hits_at_5": 0.06222222222222222,
        "inverse_arithmetic_mean_rank": 0.001798230541147511,
        "inverse_geometric_mean_rank": 0.006545130809150945,
        "inverse_harmonic_mean_rank": 0.04702131597115145,
        "inverse_median_rank": 0.0051813471502590676,
        "median_absolute_deviation": 263.9031948939971,
        "median_rank": 193.0,
        "standard_deviation": 930.773042747894,
        "variance": 866338.4571061729,
        "z_arithmetic_mean_rank": 104.40300796236782,
        "z_geometric_mean_rank": 64.70226256953482,
        "z_hits_at_k": 221.08368584666215,
        "z_inverse_harmonic_mean_rank": 253.16243696392212
      },
      "pessimistic": {
        "adjusted_arithmetic_mean_rank": 0.10152211301702947,
        "adjusted_arithmetic_mean_rank_index": 0.8986419431381351,
        "adjusted_geometric_mean_rank_index": 0.9623484567595887,
        "adjusted_hits_at_k": 0.09962250089294708,
        "adjusted_inverse_harmonic_mean_rank": 0.046160887543801654,
        "arithmetic_mean_rank": 556.1024444444445,
        "count": 4500.0,
        "geometric_mean_rank": 152.78644779042472,
        "harmonic_mean_rank": 21.267058589937253,
        "hits_at_1": 0.014888888888888889,
        "hits_at_10": 0.10044444444444445,
        "hits_at_3": 0.04022222222222222,
        "hits_at_5": 0.06222222222222222,
        "inverse_arithmetic_mean_rank": 0.0017982298225626692,
        "inverse_geometric_mean_rank": 0.006545083117395907,
        "inverse_harmonic_mean_rank": 0.0470210770225254,
        "inverse_median_rank": 0.0051813471502590676,
        "median_absolute_deviation": 263.9031948939971,
        "median_rank": 193.0,
        "standard_deviation": 930.7729172602391,
        "variance": 866338.2235051357,
        "z_arithmetic_mean_rank": 104.40300324826632,
        "z_geometric_mean_rank": 64.70224400232776,
        "z_hits_at_k": 221.08368584666215,
        "z_inverse_harmonic_mean_rank": 253.16112531007911
      },
      "realistic": {
        "adjusted_arithmetic_mean_rank": 0.10152209686275923,
        "adjusted_arithmetic_mean_rank_index": 0.898641959295355,
        "adjusted_geometric_mean_rank_index": 0.962348576527142,
        "adjusted_hits_at_k": 0.09962250089294708,
        "adjusted_inverse_harmonic_mean_rank": 0.04616100678223646,
        "arithmetic_mean_rank": 556.1023559570312,
        "count": 4500.0,
        "geometric_mean_rank": 152.7859649658203,
        "harmonic_mean_rank": 21.2670047086218,
        "hits_at_1": 0.014888888888888889,
        "hits_at_10": 0.10044444444444445,
        "hits_at_3": 0.04022222222222222,
        "hits_at_5": 0.06222222222222222,
        "inverse_arithmetic_mean_rank": 0.0017982301069423556,
        "inverse_geometric_mean_rank": 0.006545103620737791,
        "inverse_harmonic_mean_rank": 0.04702119615342882,
        "inverse_median_rank": 0.005181347019970417,