{
  "losses": [
    1.0219923656205743,
    0.5689100728698792,
    0.24631793745969893,
    0.116588175519432,
    0.06462252784096813,
    0.04204199468559496,
    0.030725135182847783,
    0.02486301019228452,
    0.02143140636831142,
    0.019195742661448374
  ],
  "metrics": {
    "both": {
      "optimistic": {
        "adjusted_arithmetic_mean_rank": 0.01874363368803,
        "adjusted_arithmetic_mean_rank_index": 0.9813779552570578,
        "adjusted_geometric_mean_rank_index": 0.9968659303889625,
        "adjusted_hits_at_k": 0.4106070144837761,
        "adjusted_inverse_harmonic_mean_rank": 0.1423281490799089,
        "arithmetic_mean_rank": 151.2850439615507,
        "count": 87804.0,
        "geometric_mean_rank": 19.61391001011033,
        "harmonic_mean_rank": 6.999190674887292,
        "hits_at_1": 0.00013666803334700013,
        "hits_at_10": 0.4109721652772083,
        "hits_at_3": 0.2000706118172293,
        "hits_at_5": 0.28704842603981595,
        "inverse_arithmetic_mean_rank": 0.006610038730954471,
        "inverse_geometric_mean_rank": 0.05098422494467103,
        "inverse_harmonic_mean_rank": 0.14287366160604031,
        "inverse_median_rank": 0.0625,
        "median_absolute_deviation": 20.756431059078427,
        "median_rank": 16.0,
        "standard_deviation": 800.0317732056511,
        "variance": 640050.8381385783,
        "z_arithmetic_mean_rank": 503.64085829016705,
        "z_geometric_mean_rank": 295.846789001394,
        "z_hits_at_k": 4886.695784872533,
        "z_inverse_harmonic_mean_rank": 4183.460665331645
      },
      "pessimistic": {
        "adjusted_arithmetic_mean_rank": 0.01874365908699364,
        "adjusted_arithmetic_mean_rank_index": 0.981377929854947,
        "adjusted_geometric_mean_rank_index": 0.9968659267072698,
        "adjusted_hits_at_k": 0.4106070144837761,
        "adjusted_inverse_harmonic_mean_rank": 0.14232807467262462,
        "arithmetic_mean_rank": 151.28524896360074,
        "count": 87804.0,
        "geometric_mean_rank": 19.613931876471195,
        "harmonic_mean_rank": 6.999194317684657,
        "hits_at_1": 0.00013666803334700013,
        "hits_at_10": 0.4109721652772083,
        "hits_at_3": 0.2000706118172293,
        "hits_at_5": 0.28704842603981595,
        "inverse_arithmetic_mean_rank": 0.006610029773891572,
        "inverse_geometric_mean_rank": 0.05098416810550854,
        "inverse_harmonic_mean_rank": 0.14287358724608196,
        "inverse_median_rank": 0.0625,
        "median_absolute_deviation": 20.756431059078427,
        "median_rank": 16.0,
        "standard_deviation": 800.0331807134769,
        "variance": 640053.0902425228,
        "z_arithmetic_mean_rank": 503.6408452538635,
        "z_geometric_mean_rank": 295.8467879087526,
        "z_hits_at_k": 4886.695784872533,
        "z_inverse_harmonic_mean_rank": 4183.458478273435
      },
      "realistic": {
        "adjusted_arithmetic_mean_rank": 0.01874364570963082,
        "adjusted_arithmetic_mean_rank_index": 0.9813779432339674,
        "adjusted_geometric_mean_rank_index": 0.9968659280289904,
        "adjusted_hits_at_k": 0.4106070144837761,
        "adjusted_inverse_harmonic_mean_rank": 0.14232810368115556,
        "arithmetic_mean_rank": 151.28514099121094,
        "count": 87804.0,
        "geometric_mean_rank": 19.613924026489258,
        "harmonic_mean_rank": 6.9991928974979825,
        "hits_at_1": 0.00013666803334700013,
        "hits_at_10": 0.4109721652772083,
        "hits_at_3": 0.2000706118172293,
        "hits_at_5": 0.28704842603981595,
        "inverse_arithmetic_mean_rank": 0.006610034499317408,
        "inverse_geometric_mean_rank": 0.05098418891429901,
        "inverse_harmonic_mean_rank": 0.14287361623616235,
        "inverse_median_rank": 0.0625,
        "median_absolute_deviation": 20.756431059078427,
        "median_rank": 16.0,
        "standard_deviation": 800.032470703125,
        "variance": 640051.9375,
        "z_arithmetic_mean_rank": 503.6408521199453,
        "z_geometric_mean_rank": 295.84678830100876,
        "z_hits_at_k": 4886.695784872533,
        "z_inverse_harmonic_mean_rank": 4183.459330923096
      }
    },
    "head": {
      "optimistic": {
        "adjusted_arithmetic_mean_rank": 0.018859870274759293,
        "adjusted_arithmetic_mean_rank_index": 0.9812616996438299,
        "adjusted_geometric_mean_rank_index": 0.9968684627918797,
        "adjusted_hits_at_k": 0.4098434922684334,
        "adjusted_inverse_harmonic_mean_rank": 0.14212556614198024,
        "arithmetic_mean_rank": 152.22901006787845,
        "count": 43902.0,
        "geometric_mean_rank": 19.599684730277545,
        "harmonic_mean_rank": 7.00912363138982,
        "hits_at_1": 0.00013666803334700013,
        "hits_at_10": 0.4102091020910209,
        "hits_at_3": 0.19914810259213703,
        "hits_at_5": 0.28593230376748213,
        "inverse_arithmetic_mean_rank": 0.006569050140667033,
        "inverse_geometric_mean_rank": 0.05102122884942136,
        "inverse_harmonic_mean_rank": 0.14267118866638007,
        "inverse_median_rank": 0.0625,
        "median_absolute_deviation": 20.756431059078427,
        "median_rank": 16.0,
        "standard_deviation": 805.8649123021204,
        "variance": 649418.2568797042,
        "z_arithmetic_mean_rank": 356.08572553702163,
        "z_geometric_mean_rank": 209.19752039549158,
        "z_hits_at_k": 3449.05647451503,
        "z_inverse_harmonic_mean_rank": 2953.999354857662
      },
      "pessimistic": {
        "adjusted_arithmetic_mean_rank": 0.018859890028757615,
        "adjusted_arithmetic_mean_rank_index": 0.981261679887384,
        "adjusted_geometric_mean_rank_index": 0.9968684566979782,
        "adjusted_hits_at_k": 0.4098434922684334,
        "adjusted_inverse_harmonic_mean_rank": 0.14212542003070855,
        "arithmetic_mean_rank": 152.22916951391736,
        "count": 43902.0,
        "geometric_mean_rank": 19.599720924848956,
        "harmonic_mean_rank": 7.009130804959143,
        "hits_at_1": 0.00013666803334700013,
        "hits_at_10": 0.4102091020910209,
        "hits_at_3": 0.19914810259213703,
        "hits_at_5": 0.28593230376748213,
        "inverse_arithmetic_mean_rank": 0.00656904326019184,
        "inverse_geometric_mean_rank": 0.05102113462912516,
        "inverse_harmonic_mean_rank": 0.1426710426480376,
        "inverse_median_rank": 0.0625,
        "median_absolute_deviation": 20.756431059078427,
        "median_rank": 16.0,
        "standard_deviation": 805.8662352267451,
        "variance": 649420.3890785276,
        "z_arithmetic_mean_rank": 356.08571836769215,
        "z_geometric_mean_rank": 209.1975191166578,
        "z_hits_at_k": 3449.05647451503,
        "z_inverse_harmonic_mean_rank": 2953.996318017676
      },
      "realistic": {
        "adjusted_arithmetic_mean_rank": 0.01885988085398581,
        "adjusted_arithmetic_mean_rank_index": 0.9812616890632926,
        "adjusted_geometric_mean_rank_index": 0.9968684587802702,
        "adjusted_hits_at_k": 0.4098434922684334,
        "adjusted_inverse_harmonic_mean_rank": 0.14212548295319044,
        "arithmetic_mean_rank": 152.22909545898438,
        "count": 43902.0,
        "geometric_mean_rank": 19.599708557128906,
        "harmonic_mean_rank": 7.0091277156762715,
        "hits_at_1": 0.00013666803334700013,
        "hits_at_10": 0.4102091020910209,
        "hits_at_3": 0.19914810259213703,
        "hits_at_5": 0.28593230376748213,
        "inverse_arithmetic_mean_rank": 0.006569046527147293,
        "inverse_geometric_mean_rank": 0.051021166145801544,
        "inverse_harmonic_mean_rank": 0.14267110553049975,
        "inverse_median_rank": 0.0625,
        "median_absolute_deviation": 20.756431059078427,
        "median_rank": 16.0,
        "standard_deviation": 805.8656005859375,
        "variance": 649419.375,
        "z_arithmetic_mean_rank": 356.0857216974971,
        "z_geometric_mean_rank": 209.19751955363654,
        "z_hits_at_k": 3449.05647451503,