{
  "losses": [
    1.0234838925280307,
    0.5695194334182725,
    0.247674707122386,
    0.11721757060030893,
    0.06536537953638866,
    0.04227013522541862,
    0.03156276672885756,
    0.025097054806429316,
    0.021240162917035402,
    0.01945155878984383
  ],
  "metrics": {
    "both": {
      "optimistic": {
        "adjusted_arithmetic_mean_rank": 0.01900914452973211,
        "adjusted_arithmetic_mean_rank_index": 0.9811124130222794,
        "adjusted_geometric_mean_rank_index": 0.996863453643217,
        "adjusted_hits_at_k": 0.4141283934086669,
        "adjusted_inverse_harmonic_mean_rank": 0.14266834393471967,
        "arithmetic_mean_rank": 153.4261537059815,
        "count": 87804.0,
        "geometric_mean_rank": 19.628387549994198,
        "harmonic_mean_rank": 6.982574818183975,
        "hits_at_1": 9.111202223133342e-05,
        "hits_at_10": 0.4144913671358936,
        "hits_at_3": 0.20193840827297163,
        "hits_at_5": 0.2857728577285773,
        "inverse_arithmetic_mean_rank": 0.006517793582418496,
        "inverse_geometric_mean_rank": 0.05094661991225538,
        "inverse_harmonic_mean_rank": 0.14321364626066113,
        "inverse_median_rank": 0.0625,
        "median_absolute_deviation": 20.756431059078427,
        "median_rank": 16.0,
        "standard_deviation": 821.93997640729,
        "variance": 675585.3248164165,
        "z_arithmetic_mean_rank": 503.50454136041736,
        "z_geometric_mean_rank": 295.84605454317045,
        "z_hits_at_k": 4928.573276923439,
        "z_inverse_harmonic_mean_rank": 4193.433758886383
      },
      "pessimistic": {
        "adjusted_arithmetic_mean_rank": 0.019009171340081572,
        "adjusted_arithmetic_mean_rank_index": 0.9811123862086077,
        "adjusted_geometric_mean_rank_index": 0.9968634494590658,
        "adjusted_hits_at_k": 0.4141283934086669,
        "adjusted_inverse_harmonic_mean_rank": 0.14266831732353352,
        "arithmetic_mean_rank": 153.4263700970343,
        "count": 87804.0,
        "geometric_mean_rank": 19.62841240025341,
        "harmonic_mean_rank": 6.982576114823304,
        "hits_at_1": 9.111202223133342e-05,
        "hits_at_10": 0.4144913671358936,
        "hits_at_3": 0.20193840827297163,
        "hits_at_5": 0.2857728577285773,
        "inverse_arithmetic_mean_rank": 0.006517784389786133,
        "inverse_geometric_mean_rank": 0.05094655541204594,
        "inverse_harmonic_mean_rank": 0.14321361966640092,
        "inverse_median_rank": 0.0625,
        "median_absolute_deviation": 20.756431059078427,
        "median_rank": 16.0,
        "standard_deviation": 821.9406755710264,
        "variance": 675586.4741581553,
        "z_arithmetic_mean_rank": 503.5045275997053,
        "z_geometric_mean_rank": 295.84605330141096,
        "z_hits_at_k": 4928.573276923439,
        "z_inverse_harmonic_mean_rank": 4193.432976706936
      },
      "realistic": {
        "adjusted_arithmetic_mean_rank": 0.01900915698968562,
        "adjusted_arithmetic_mean_rank_index": 0.981112400560782,
        "adjusted_geometric_mean_rank_index": 0.9968634520541113,
        "adjusted_hits_at_k": 0.4141283934086669,
        "adjusted_inverse_harmonic_mean_rank": 0.14266832679380506,
        "arithmetic_mean_rank": 153.42625427246094,
        "count": 87804.0,
        "geometric_mean_rank": 19.62839698791504,
        "harmonic_mean_rank": 6.982575653380963,
        "hits_at_1": 9.111202223133342e-05,
        "hits_at_10": 0.4144913671358936,
        "hits_at_3": 0.20193840827297163,
        "hits_at_5": 0.2857728577285773,
        "inverse_arithmetic_mean_rank": 0.006517789326608181,
        "inverse_geometric_mean_rank": 0.05094659700989723,
        "inverse_harmonic_mean_rank": 0.14321362913064895,
        "inverse_median_rank": 0.0625,
        "median_absolute_deviation": 20.756431059078427,
        "median_rank": 16.0,
        "standard_deviation": 821.9403686523438,
        "variance": 675585.9375,
        "z_arithmetic_mean_rank": 503.5045349652067,
        "z_geometric_mean_rank": 295.84605407156056,
        "z_hits_at_k": 4928.573276923439,
        "z_inverse_harmonic_mean_rank": 4193.433255065507
      }
    },
    "head": {
      "optimistic": {
        "adjusted_arithmetic_mean_rank": 0.018974670297182302,
        "adjusted_arithmetic_mean_rank_index": 0.9811468841923893,
        "adjusted_geometric_mean_rank_index": 0.9968837081078524,
        "adjusted_hits_at_k": 0.4153136059475263,
        "adjusted_inverse_harmonic_mean_rank": 0.14312786292778515,
        "arithmetic_mean_rank": 153.1571454603435,
        "count": 43902.0,
        "geometric_mean_rank": 19.509317623324712,
        "harmonic_mean_rank": 6.960257609949087,
        "hits_at_1": 6.833401667350006e-05,
        "hits_at_10": 0.4156758234249009,
        "hits_at_3": 0.2029520295202952,
        "hits_at_5": 0.2874812081454148,
        "inverse_arithmetic_mean_rank": 0.006529241564239828,
        "inverse_geometric_mean_rank": 0.05125755904473216,
        "inverse_harmonic_mean_rank": 0.14367284316755552,
        "inverse_median_rank": 0.0625,
        "median_absolute_deviation": 20.756431059078427,
        "median_rank": 16.0,
        "standard_deviation": 822.9725881214753,
        "variance": 677283.8807993593,
        "z_arithmetic_mean_rank": 356.04403618320026,
        "z_geometric_mean_rank": 209.20072030583722,
        "z_hits_at_k": 3495.1075386042803,
        "z_inverse_harmonic_mean_rank": 2974.8460196314613
      },
      "pessimistic": {
        "adjusted_arithmetic_mean_rank": 0.018974690050984903,
        "adjusted_arithmetic_mean_rank_index": 0.9811468644361391,
        "adjusted_geometric_mean_rank_index": 0.9968837027050915,
        "adjusted_hits_at_k": 0.4153136059475263,
        "adjusted_inverse_harmonic_mean_rank": 0.14312781706828573,
        "arithmetic_mean_rank": 153.1573049063824,
        "count": 43902.0,
        "geometric_mean_rank": 19.50934971320013,
        "harmonic_mean_rank": 6.9602598302087655,
        "hits_at_1": 6.833401667350006e-05,
        "hits_at_10": 0.4156758234249009,
        "hits_at_3": 0.2029520295202952,
        "hits_at_5": 0.2874812081454148,
        "inverse_arithmetic_mean_rank": 0.006529234766903553,
        "inverse_geometric_mean_rank": 0.05125747473394229,
        "inverse_harmonic_mean_rank": 0.14367279733722327,
        "inverse_median_rank": 0.0625,
        "median_absolute_deviation": 20.756431059078427,
        "median_rank": 16.0,
        "standard_deviation": 822.9732018580835,
        "variance": 677284.8909765459,
        "z_arithmetic_mean_rank": 356.04402901394235,
        "z_geometric_mean_rank": 209.2007191720425,
        "z_hits_at_k": 3495.1075386042803,
        "z_inverse_harmonic_mean_rank": 2974.845066463109
      },
      "realistic": {
        "adjusted_arithmetic_mean_rank": 0.018974680344945177,
        "adjusted_arithmetic_mean_rank_index": 0.9811468741433814,
        "adjusted_geometric_mean_rank_index": 0.9968837049344996,
        "adjusted_hits_at_k": 0.4153136059475263,
        "adjusted_inverse_harmonic_mean_rank": 0.14312784590909075,
        "arithmetic_mean_rank": 153.1572265625,
        "count": 43902.0,
        "geometric_mean_rank": 19.509336471557617,
        "harmonic_mean_rank": 6.960258433898625,
        "hits_at_1": 6.833401667350006e-05,
        "hits_at_10": 0.4156758234249009,
        "hits_at_3": 0.2029520295202952,
        "hits_at_5": 0.2874812081454148,
        "inverse_arithmetic_mean_rank": 0.006529238075017929,
        "inverse_geometric_mean_rank": 0.05125750973820686,
        "inverse_harmonic_mean_rank": 0.1436728261596852,
        "inverse_median_rank": 0.0625,
        "median_absolute_deviation": 20.756431059078427,
        "median_rank": 16.0,
        "standard_deviation": 822.972900390625,
        "variance": 677284.375,
        "z_arithmetic_mean_rank": 356.04403253656045,
        "z_geometric_mean_rank": 209.20071963989426,
        "z_hits_at_k": 3495.1075386042803,