{
  "losses": [
    0.9101349512736002,
    0.6712155798335134,
    0.44569086844538464,
    0.3181298323619513,
    0.25792783664332497,
    0.23002102566354068,
    0.21589912124622015,
    0.20620074923391696,
    0.19701789761031116,
    0.19020813445986054,
    0.179684281901077,
    0.17158722629149756,
    0.16036834006692158,
    0.1514644260391777,
    0.14364519089828304,
    0.13394112517068416,
    0.1315582263984798,
    0.12848032845391166,
    0.12174261076214873,
    0.11570094847752724,
    0.11137903490920126,
    0.11035291832170369,
    0.10672761996587117,
    0.09983328656281953
  ],
  "metrics": {
    "both": {
      "optimistic": {
        "adjusted_arithmetic_mean_rank": 0.04370412993442481,
        "adjusted_arithmetic_mean_rank_index": 0.9575159329457444,
        "adjusted_geometric_mean_rank_index": 0.9934463288704647,
        "adjusted_hits_at_k": 0.7532660373271824,
        "adjusted_inverse_harmonic_mean_rank": 0.4729989605200553,
        "arithmetic_mean_rank": 34.2993803253292,
        "count": 5164.0,
        "geometric_mean_rank": 4.784174099344542,
        "harmonic_mean_rank": 2.1023063697044218,
        "hits_at_1": 0.3506971340046476,
        "hits_at_10": 0.7548412083656081,
        "hits_at_3": 0.5274980635166537,
        "hits_at_5": 0.6005034856700232,
        "inverse_arithmetic_mean_rank": 0.02915504567473267,
        "inverse_geometric_mean_rank": 0.2090224935871388,
        "inverse_harmonic_mean_rank": 0.4756680636136764,
        "inverse_median_rank": 0.3333333333333333,
        "median_absolute_deviation": 2.965204437011204,
        "median_rank": 3.0,
        "standard_deviation": 115.0206824411873,
        "variance": 13229.757389236453,
        "z_arithmetic_mean_rank": 119.02464294845741,
        "z_geometric_mean_rank": 72.04837739176438,
        "z_hits_at_k": 675.3105198149273,
        "z_inverse_harmonic_mean_rank": 1056.7865765515562
      },
      "pessimistic": {
        "adjusted_arithmetic_mean_rank": 0.04370437668033968,
        "adjusted_arithmetic_mean_rank_index": 0.9575156858850258,
        "adjusted_geometric_mean_rank_index": 0.9934461598199119,
        "adjusted_hits_at_k": 0.7532660373271824,
        "adjusted_inverse_harmonic_mean_rank": 0.47299679791896326,
        "arithmetic_mean_rank": 34.299573973663826,
        "count": 5164.0,
        "geometric_mean_rank": 4.78427171131052,
        "harmonic_mean_rank": 2.1023158793697636,
        "hits_at_1": 0.3506971340046476,
        "hits_at_10": 0.7548412083656081,
        "hits_at_3": 0.5274980635166537,
        "hits_at_5": 0.6005034856700232,
        "inverse_arithmetic_mean_rank": 0.029154881071345902,
        "inverse_geometric_mean_rank": 0.20901822896803604,
        "inverse_harmonic_mean_rank": 0.47566591196551394,
        "inverse_median_rank": 0.3333333333333333,
        "median_absolute_deviation": 2.965204437011204,
        "median_rank": 3.0,
        "standard_deviation": 115.02064068888484,
        "variance": 13229.747784481551,
        "z_arithmetic_mean_rank": 119.02461223741354,
        "z_geometric_mean_rank": 72.04836513159725,
        "z_hits_at_k": 675.3105198149273,
        "z_inverse_harmonic_mean_rank": 1056.7817448119642
      },
      "realistic": {
        "adjusted_arithmetic_mean_rank": 0.043704252637204434,
        "adjusted_arithmetic_mean_rank_index": 0.957515810086418,
        "adjusted_geometric_mean_rank_index": 0.9934462423915981,
        "adjusted_hits_at_k": 0.7532660373271824,
        "adjusted_inverse_harmonic_mean_rank": 0.4729978148336067,
        "arithmetic_mean_rank": 34.299476623535156,
        "count": 5164.0,
        "geometric_mean_rank": 4.784224033355713,
        "harmonic_mean_rank": 2.1023114076522793,
        "hits_at_1": 0.3506971340046476,
        "hits_at_10": 0.7548412083656081,
        "hits_at_3": 0.5274980635166537,
        "hits_at_5": 0.6005034856700232,
        "inverse_arithmetic_mean_rank": 0.029154963791370392,
        "inverse_geometric_mean_rank": 0.20902031660079956,
        "inverse_harmonic_mean_rank": 0.475666923729788,
        "inverse_median_rank": 0.3333333432674408,
        "median_absolute_deviation": 2.965204437011204,
        "median_rank": 3.0,
        "standard_deviation": 115.02066802978516,
        "variance": 13229.75390625,
        "z_arithmetic_mean_rank": 119.02462767634864,
        "z_geometric_mean_rank": 72.04837111999927,
        "z_hits_at_k": 675.3105198149273,
        "z_inverse_harmonic_mean_rank": 1056.7840168291025
      }
    },
    "head": {
      "optimistic": {
        "adjusted_arithmetic_mean_rank": 0.045803389684614754,
        "adjusted_arithmetic_mean_rank_index": 0.9554030866386041,
        "adjusted_geometric_mean_rank_index": 0.9948857291492798,
        "adjusted_hits_at_k": 0.7579572351643111,
        "adjusted_inverse_harmonic_mean_rank": 0.5767976010431787,
        "arithmetic_mean_rank": 36.2714949651433,
        "count": 2582.0,
        "geometric_mean_rank": 3.9798981441903134,
        "harmonic_mean_rank": 1.7273413569381093,
        "hits_at_1": 0.48295894655305965,
        "hits_at_10": 0.7594887683965917,
        "hits_at_3": 0.639426800929512,
        "hits_at_5": 0.6975213013168087,
        "inverse_arithmetic_mean_rank": 0.0275698589473909,
        "inverse_geometric_mean_rank": 0.25126271170023723,
        "inverse_harmonic_mean_rank": 0.5789243660399604,
        "inverse_median_rank": 0.5,
        "median_absolute_deviation": 1.482602218505602,
        "median_rank": 2.0,
        "standard_deviation": 114.68700321839052,
        "variance": 13153.108707215115,
        "z_arithmetic_mean_rank": 83.97804301817875,
        "z_geometric_mean_rank": 51.02358361112962,
        "z_hits_at_k": 482.6471040319332,
        "z_inverse_harmonic_mean_rank": 915.269004676376
      },
      "pessimistic": {
        "adjusted_arithmetic_mean_rank": 0.04580387876013487,
        "adjusted_arithmetic_mean_rank_index": 0.955402596944702,
        "adjusted_geometric_mean_rank_index": 0.9948854504186008,
        "adjusted_hits_at_k": 0.7579572351643111,
        "adjusted_inverse_harmonic_mean_rank": 0.5767932760118037,
        "arithmetic_mean_rank": 36.27188226181255,
        "count": 2582.0,
        "geometric_mean_rank": 3.980060550339143,
        "harmonic_mean_rank": 1.7273541968139254,
        "hits_at_1": 0.48295894655305965,
        "hits_at_10": 0.7594887683965917,
        "hits_at_3": 0.639426800929512,
        "hits_at_5": 0.6975213013168087,
        "inverse_arithmetic_mean_rank": 0.0275695645674504,
        "inverse_geometric_mean_rank": 0.25125245893929665,
        "inverse_harmonic_mean_rank": 0.5789200627436356,
        "inverse_median_rank": 0.5,
        "median_absolute_deviation": 1.482602218505602,
        "median_rank": 2.0,
        "standard_deviation": 114.68691281067538,
        "variance": 13153.087970043456,
        "z_arithmetic_mean_rank": 83.97799997505261,
        "z_geometric_mean_rank": 51.023569316183284,
        "z_hits_at_k": 482.6471040319332,
        "z_inverse_harmonic_mean_rank": 915.262141667316
      },
      "realistic": {
        "adjusted_arithmetic_mean_rank": 0.04580363643879677,
        "adjusted_arithmetic_mean_rank_index": 0.9554028395724287,
        "adjusted_geometric_mean_rank_index": 0.9948855862224333,
        "adjusted_hits_at_k": 0.7579572351643111,
        "adjusted_inverse_harmonic_mean_rank": 0.576795320937766,
        "arithmetic_mean_rank": 36.271690368652344,
        "count": 2582.0,
        "geometric_mean_rank": 3.9799814224243164,
        "harmonic_mean_rank": 1.7273481259450634,
        "hits_at_1": 0.48295894655305965,
        "hits_at_10": 0.7594887683965917,
        "hits_at_3": 0.639426800929512,
        "hits_at_5": 0.6975213013168087,
        "inverse_arithmetic_mean_rank": 0.027569711208343506,
        "inverse_geometric_mean_rank": 0.25125744938850403,
        "inverse_harmonic_mean_rank": 0.5789220973930093,
        "inverse_median_rank": 0.5,