{
  "losses": [
    1.094542966948615,
    0.9028462892697181,
    0.7415898972087436,
    0.6043663400190847,
    0.4779044051229218,
    0.3983189618145978,
    0.3380030980448664,
    0.2960141428090908,
    0.25627968432726683,
    0.22509489070486138,
    0.19988541820167025,
    0.17449291399967523,
    0.16259835301725953,
    0.14503563223061738,
    0.13290062896263452,
    0.11838015463249182,
    0.10794452835380296,
    0.10165700325627386,
    0.09675274113262142,
    0.0888048243927367,
    0.08522901495481715,
    0.08400207992505145,
    0.07714966840950059,
    0.07329602203803298
  ],
  "metrics": {
    "both": {
      "optimistic": {
        "adjusted_arithmetic_mean_rank": 0.07849564249681373,
        "adjusted_arithmetic_mean_rank_index": 0.9226802079424816,
        "adjusted_geometric_mean_rank_index": 0.9903047987117573,
        "adjusted_hits_at_k": 0.6893410313212646,
        "adjusted_inverse_harmonic_mean_rank": 0.4201796192270836,
        "arithmetic_mean_rank": 61.594887683965915,
        "count": 5164.0,
        "geometric_mean_rank": 6.5973605783143645,
        "harmonic_mean_rank": 2.363414917545629,
        "hits_at_1": 0.2916343919442293,
        "hits_at_10": 0.6913245546088304,
        "hits_at_3": 0.49612703330751357,
        "hits_at_5": 0.587141750580945,
        "inverse_arithmetic_mean_rank": 0.016235113620644122,
        "inverse_geometric_mean_rank": 0.15157576854098545,
        "inverse_harmonic_mean_rank": 0.42311656433077144,
        "inverse_median_rank": 0.25,
        "median_absolute_deviation": 4.447806655516806,
        "median_rank": 4.0,
        "standard_deviation": 168.68174380838025,
        "variance": 28453.53069423603,
        "z_arithmetic_mean_rank": 114.69540727820048,
        "z_geometric_mean_rank": 71.82060138184522,
        "z_hits_at_k": 617.961944008451,
        "z_inverse_harmonic_mean_rank": 938.717575640665
      },
      "pessimistic": {
        "adjusted_arithmetic_mean_rank": 0.07849564249681373,
        "adjusted_arithmetic_mean_rank_index": 0.9226802079424816,
        "adjusted_geometric_mean_rank_index": 0.9903047987117573,
        "adjusted_hits_at_k": 0.6893410313212646,
        "adjusted_inverse_harmonic_mean_rank": 0.4201796192270836,
        "arithmetic_mean_rank": 61.594887683965915,
        "count": 5164.0,
        "geometric_mean_rank": 6.5973605783143645,
        "harmonic_mean_rank": 2.363414917545629,
        "hits_at_1": 0.2916343919442293,
        "hits_at_10": 0.6913245546088304,
        "hits_at_3": 0.49612703330751357,
        "hits_at_5": 0.587141750580945,
        "inverse_arithmetic_mean_rank": 0.016235113620644122,
        "inverse_geometric_mean_rank": 0.15157576854098545,
        "inverse_harmonic_mean_rank": 0.42311656433077144,
        "inverse_median_rank": 0.25,
        "median_absolute_deviation": 4.447806655516806,
        "median_rank": 4.0,
        "standard_deviation": 168.68174380838025,
        "variance": 28453.53069423603,
        "z_arithmetic_mean_rank": 114.69540727820048,
        "z_geometric_mean_rank": 71.82060138184522,
        "z_hits_at_k": 617.961944008451,
        "z_inverse_harmonic_mean_rank": 938.717575640665
      },
      "realistic": {
        "adjusted_arithmetic_mean_rank": 0.07849564134453872,
        "adjusted_arithmetic_mean_rank_index": 0.9226802090962269,
        "adjusted_geometric_mean_rank_index": 0.9903048003070698,
        "adjusted_hits_at_k": 0.6893410313212646,
        "adjusted_inverse_harmonic_mean_rank": 0.4201796073055478,
        "arithmetic_mean_rank": 61.594886779785156,
        "count": 5164.0,
        "geometric_mean_rank": 6.597359657287598,
        "harmonic_mean_rank": 2.363414983798813,
        "hits_at_1": 0.2916343919442293,
        "hits_at_10": 0.6913245546088304,
        "hits_at_3": 0.49612703330751357,
        "hits_at_5": 0.587141750580945,
        "inverse_arithmetic_mean_rank": 0.0162351131439209,
        "inverse_geometric_mean_rank": 0.15157578885555267,
        "inverse_harmonic_mean_rank": 0.42311655246962143,
        "inverse_median_rank": 0.25,
        "median_absolute_deviation": 4.447806655516806,
        "median_rank": 4.0,
        "standard_deviation": 168.68174743652344,
        "variance": 28453.53125,
        "z_arithmetic_mean_rank": 114.69540742161885,
        "z_geometric_mean_rank": 71.82060149754324,
        "z_hits_at_k": 617.961944008451,
        "z_inverse_harmonic_mean_rank": 938.7175490069241
      }
    },
    "head": {
      "optimistic": {
        "adjusted_arithmetic_mean_rank": 0.08748372998559072,
        "adjusted_arithmetic_mean_rank_index": 0.9136695471874234,
        "adjusted_geometric_mean_rank_index": 0.9905458980931288,
        "adjusted_hits_at_k": 0.6842931247571757,
        "adjusted_inverse_harmonic_mean_rank": 0.45834466592520806,
        "arithmetic_mean_rank": 69.30790085205267,
        "count": 2582.0,
        "geometric_mean_rank": 6.511212195303422,
        "harmonic_mean_rank": 2.1688894809997086,
        "hits_at_1": 0.3423702556158017,
        "hits_at_10": 0.686289697908598,
        "hits_at_3": 0.540278853601859,
        "hits_at_5": 0.6103795507358637,
        "inverse_arithmetic_mean_rank": 0.014428369460137579,
        "inverse_geometric_mean_rank": 0.15358123341784288,
        "inverse_harmonic_mean_rank": 0.46106544789874165,
        "inverse_median_rank": 0.3333333333333333,
        "median_absolute_deviation": 2.965204437011204,
        "median_rank": 3.0,
        "standard_deviation": 178.50829980120633,
        "variance": 31865.213097917363,
        "z_arithmetic_mean_rank": 80.31341884354171,
        "z_geometric_mean_rank": 50.80083776829526,
        "z_hits_at_k": 435.8572957587823,
        "z_inverse_harmonic_mean_rank": 727.4990592133768
      },
      "pessimistic": {
        "adjusted_arithmetic_mean_rank": 0.08748372998559072,
        "adjusted_arithmetic_mean_rank_index": 0.9136695471874234,
        "adjusted_geometric_mean_rank_index": 0.9905458980931288,
        "adjusted_hits_at_k": 0.6842931247571757,
        "adjusted_inverse_harmonic_mean_rank": 0.45834466592520806,
        "arithmetic_mean_rank": 69.30790085205267,
        "count": 2582.0,
        "geometric_mean_rank": 6.511212195303422,
        "harmonic_mean_rank": 2.1688894809997086,
        "hits_at_1": 0.3423702556158017,
        "hits_at_10": 0.686289697908598,
        "hits_at_3": 0.540278853601859,
        "hits_at_5": 0.6103795507358637,
        "inverse_arithmetic_mean_rank": 0.014428369460137579,
        "inverse_geometric_mean_rank": 0.15358123341784288,
        "inverse_harmonic_mean_rank": 0.46106544789874165,
        "inverse_median_rank": 0.3333333333333333,
        "median_absolute_deviation": 2.965204437011204,
        "median_rank": 3.0,
        "standard_deviation": 178.50829980120633,
        "variance": 31865.213097917363,
        "z_arithmetic_mean_rank": 80.31341884354171,
        "z_geometric_mean_rank": 50.80083776829526,
        "z_hits_at_k": 435.8572957587823,
        "z_inverse_harmonic_mean_rank": 727.4990592133768
      },
      "realistic": {
        "adjusted_arithmetic_mean_rank": 0.08748372824753259,
        "adjusted_arithmetic_mean_rank_index": 0.9136695489276782,
        "adjusted_geometric_mean_rank_index": 0.9905458994655414,
        "adjusted_hits_at_k": 0.6842931247571757,
        "adjusted_inverse_harmonic_mean_rank": 0.4583446506630585,
        "arithmetic_mean_rank": 69.30789947509766,
        "count": 2582.0,
        "geometric_mean_rank": 6.511211395263672,
        "harmonic_mean_rank": 2.168889552433478,
        "hits_at_1": 0.3423702556158017,
        "hits_at_10": 0.686289697908598,
        "hits_at_3": 0.540278853601859,
        "hits_at_5": 0.6103795507358637,
        "inverse_arithmetic_mean_rank": 0.014428369700908661,
        "inverse_geometric_mean_rank": 0.15358124673366547,
        "inverse_harmonic_mean_rank": 0.4610654327132552,
        "inverse_median_rank": 0.3333333432674408,