{
  "losses": [
    1.0648054635083233,
    0.8686836317733482,
    0.6854568543257537,
    0.5485680625762468,
    0.4539660631138601,
    0.3840568761030833,
    0.3302800762064663,
    0.2890579674714877,
    0.2568761505830435,
    0.22724162778000773,
    0.20279410352677474,
    0.18301766356568278,
    0.16497735210038997,
    0.14519886350558128,
    0.1400193780844594,
    0.12732283145557216,
    0.1139267345453486,
    0.10715140811639068,
    0.096872217355319,
    0.09020749990034986,
    0.08650541139973535,
    0.0818083812425166,
    0.07401918592276396,
    0.07244462161152451
  ],
  "metrics": {
    "both": {
      "optimistic": {
        "adjusted_arithmetic_mean_rank": 0.07488220350023886,
        "adjusted_arithmetic_mean_rank_index": 0.9262980817217562,
        "adjusted_geometric_mean_rank_index": 0.9896540745165588,
        "adjusted_hits_at_k": 0.6729703085584614,
        "adjusted_inverse_harmonic_mean_rank": 0.39649366389783847,
        "arithmetic_mean_rank": 58.76820294345469,
        "count": 5164.0,
        "geometric_mean_rank": 6.973870594718539,
        "harmonic_mean_rank": 2.5028141423087154,
        "hits_at_1": 0.2711076684740511,
        "hits_at_10": 0.6750580945003873,
        "hits_at_3": 0.4564291247095275,
        "hits_at_5": 0.546862896979086,
        "inverse_arithmetic_mean_rank": 0.01701600440228154,
        "inverse_geometric_mean_rank": 0.14339239399671702,
        "inverse_harmonic_mean_rank": 0.39955024350212126,
        "inverse_median_rank": 0.25,
        "median_absolute_deviation": 4.447806655516806,
        "median_rank": 4.0,
        "standard_deviation": 165.03873893228374,
        "variance": 27237.785348358506,
        "z_arithmetic_mean_rank": 115.14408757835287,
        "z_geometric_mean_rank": 71.7733491744208,
        "z_hits_at_k": 603.3245976483994,
        "z_inverse_harmonic_mean_rank": 885.8564535412207
      },
      "pessimistic": {
        "adjusted_arithmetic_mean_rank": 0.07488220350023886,
        "adjusted_arithmetic_mean_rank_index": 0.9262980817217562,
        "adjusted_geometric_mean_rank_index": 0.9896540745165588,
        "adjusted_hits_at_k": 0.6729703085584614,
        "adjusted_inverse_harmonic_mean_rank": 0.39649366389783847,
        "arithmetic_mean_rank": 58.76820294345469,
        "count": 5164.0,
        "geometric_mean_rank": 6.973870594718539,
        "harmonic_mean_rank": 2.5028141423087154,
        "hits_at_1": 0.2711076684740511,
        "hits_at_10": 0.6750580945003873,
        "hits_at_3": 0.4564291247095275,
        "hits_at_5": 0.546862896979086,
        "inverse_arithmetic_mean_rank": 0.01701600440228154,
        "inverse_geometric_mean_rank": 0.14339239399671702,
        "inverse_harmonic_mean_rank": 0.39955024350212126,
        "inverse_median_rank": 0.25,
        "median_absolute_deviation": 4.447806655516806,
        "median_rank": 4.0,
        "standard_deviation": 165.03873893228374,
        "variance": 27237.785348358506,
        "z_arithmetic_mean_rank": 115.14408757835287,
        "z_geometric_mean_rank": 71.7733491744208,
        "z_hits_at_k": 603.3245976483994,
        "z_inverse_harmonic_mean_rank": 885.8564535412207
      },
      "realistic": {
        "adjusted_arithmetic_mean_rank": 0.0748822045092706,
        "adjusted_arithmetic_mean_rank_index": 0.926298080711437,
        "adjusted_geometric_mean_rank_index": 0.9896540734144695,
        "adjusted_hits_at_k": 0.6729703085584614,
        "adjusted_inverse_harmonic_mean_rank": 0.3964936417689236,
        "arithmetic_mean_rank": 58.76820373535156,
        "count": 5164.0,
        "geometric_mean_rank": 6.973871231079102,
        "harmonic_mean_rank": 2.5028142802239306,
        "hits_at_1": 0.2711076684740511,
        "hits_at_10": 0.6750580945003873,
        "hits_at_3": 0.4564291247095275,
        "hits_at_5": 0.546862896979086,
        "inverse_arithmetic_mean_rank": 0.017016004770994186,
        "inverse_geometric_mean_rank": 0.1433923840522766,
        "inverse_harmonic_mean_rank": 0.39955022148528274,
        "inverse_median_rank": 0.25,
        "median_absolute_deviation": 4.447806655516806,
        "median_rank": 4.0,
        "standard_deviation": 165.0387420654297,
        "variance": 27237.787109375,
        "z_arithmetic_mean_rank": 115.1440874527645,
        "z_geometric_mean_rank": 71.77334909449323,
        "z_hits_at_k": 603.3245976483994,
        "z_inverse_harmonic_mean_rank": 885.8564041002237
      }
    },
    "head": {
      "optimistic": {
        "adjusted_arithmetic_mean_rank": 0.07975403413942761,
        "adjusted_arithmetic_mean_rank_index": 0.9214095153401513,
        "adjusted_geometric_mean_rank_index": 0.9911352070115619,
        "adjusted_hits_at_k": 0.6764967877397395,
        "adjusted_inverse_harmonic_mean_rank": 0.4837214602875478,
        "arithmetic_mean_rank": 63.156855151045704,
        "count": 2582.0,
        "geometric_mean_rank": 6.165189906036699,
        "harmonic_mean_rank": 2.0562762890416155,
        "hits_at_1": 0.3861347792408985,
        "hits_at_10": 0.6785437645236251,
        "hits_at_3": 0.5476374903175832,
        "hits_at_5": 0.6072811773818745,
        "inverse_arithmetic_mean_rank": 0.01583359395600689,
        "inverse_geometric_mean_rank": 0.1622010051986949,
        "inverse_harmonic_mean_rank": 0.48631597092727147,
        "inverse_median_rank": 0.3333333333333333,
        "median_absolute_deviation": 2.965204437011204,
        "median_rank": 3.0,
        "standard_deviation": 165.61535545327533,
        "variance": 27428.44596191473,
        "z_arithmetic_mean_rank": 80.99007528731582,
        "z_geometric_mean_rank": 50.83123480737014,
        "z_hits_at_k": 430.775247390718,
        "z_inverse_harmonic_mean_rank": 767.5747241272666
      },
      "pessimistic": {
        "adjusted_arithmetic_mean_rank": 0.07975403413942761,
        "adjusted_arithmetic_mean_rank_index": 0.9214095153401513,
        "adjusted_geometric_mean_rank_index": 0.9911352070115619,
        "adjusted_hits_at_k": 0.6764967877397395,
        "adjusted_inverse_harmonic_mean_rank": 0.4837214602875478,
        "arithmetic_mean_rank": 63.156855151045704,
        "count": 2582.0,
        "geometric_mean_rank": 6.165189906036699,
        "harmonic_mean_rank": 2.0562762890416155,
        "hits_at_1": 0.3861347792408985,
        "hits_at_10": 0.6785437645236251,
        "hits_at_3": 0.5476374903175832,
        "hits_at_5": 0.6072811773818745,
        "inverse_arithmetic_mean_rank": 0.01583359395600689,
        "inverse_geometric_mean_rank": 0.1622010051986949,
        "inverse_harmonic_mean_rank": 0.48631597092727147,
        "inverse_median_rank": 0.3333333333333333,
        "median_absolute_deviation": 2.965204437011204,
        "median_rank": 3.0,
        "standard_deviation": 165.61535545327533,
        "variance": 27428.44596191473,
        "z_arithmetic_mean_rank": 80.99007528731582,
        "z_geometric_mean_rank": 50.83123480737014,
        "z_hits_at_k": 430.775247390718,
        "z_inverse_harmonic_mean_rank": 767.5747241272666
      },
      "realistic": {
        "adjusted_arithmetic_mean_rank": 0.0797540358894308,
        "adjusted_arithmetic_mean_rank_index": 0.9214095135879354,
        "adjusted_geometric_mean_rank_index": 0.9911352072913027,
        "adjusted_hits_at_k": 0.6764967877397395,
        "adjusted_inverse_harmonic_mean_rank": 0.48372146408100053,
        "arithmetic_mean_rank": 63.156856536865234,
        "count": 2582.0,
        "geometric_mean_rank": 6.165189743041992,
        "harmonic_mean_rank": 2.0562762730824713,
        "hits_at_1": 0.3861347792408985,
        "hits_at_10": 0.6785437645236251,
        "hits_at_3": 0.5476374903175832,
        "hits_at_5": 0.6072811773818745,
        "inverse_arithmetic_mean_rank": 0.015833593904972076,
        "inverse_geometric_mean_rank": 0.16220100224018097,
        "inverse_harmonic_mean_rank": 0.48631597470166055,
        "inverse_median_rank": 0.3333333432674408,