{
  "losses": [
    1.000372976064682,
    0.9937674701213837,
    0.9923964142799377,
    0.9891887605190277,
    0.9832650125026703,
    0.9758811295032501,
    0.9715479910373688,
    0.965052992105484,
    0.9444550275802612,
    0.9346532821655273,
    0.8982329964637756,
    0.8691530227661133,
    0.8443637788295746,
    0.7792825400829315,
    0.7383028566837311,
    0.6264952719211578,
    0.5672619044780731,
    0.5107275694608688,
    0.46790650486946106,
    0.44972895085811615,
    0.4588582515716553,
    0.4354787766933441,
    0.43497534096241,
    0.43271583318710327,
    0.34341391921043396,
    0.3981511741876602,
    0.4043441116809845,
    0.39328916370868683,
    0.3634963184595108,
    0.3776993453502655,
    0.3022327125072479,
    0.37475045025348663,
    0.38442015647888184,
    0.41976621747016907,
    0.4008708596229553,
    0.3303212970495224,
    0.24208955466747284,
    0.314609631896019,
    0.27347245812416077,
    0.32671451568603516,
    0.2976849526166916,
    0.3035030663013458,
    0.23478352278470993,
    0.26451797783374786,
    0.23186329007148743,
    0.2860310524702072,
    0.2845012694597244,
    0.2185892090201378,
    0.28045088052749634,
    0.22751271724700928,
    0.29105251282453537,
    0.22237112373113632,
    0.19758974760770798,
    0.2054908573627472,
    0.25189316272735596,
    0.27882644534111023,
    0.25056342035532,
    0.23857010900974274,
    0.21852677315473557,
    0.2423444166779518,
    0.1993756741285324,
    0.2542963773012161,
    0.23666571080684662,
    0.24054047465324402,
    0.21010736376047134,
    0.2453845664858818,
    0.19096943736076355,
    0.22117213904857635,
    0.25602586567401886,
    0.1813896745443344,
    0.2248779907822609,
    0.23387166112661362
  ],
  "metrics": {
    "both": {
      "optimistic": {
        "adjusted_arithmetic_mean_rank": 0.09398636081835089,
        "adjusted_arithmetic_mean_rank_index": 0.9281087260256574,
        "adjusted_geometric_mean_rank_index": 0.958877393955493,
        "adjusted_hits_at_k": 0.8695343488272975,
        "adjusted_inverse_harmonic_mean_rank": 0.6047614444528179,
        "arithmetic_mean_rank": 3.9479166666666665,
        "count": 96.0,
        "geometric_mean_rank": 2.262191608313116,
        "harmonic_mean_rank": 1.590447648551056,
        "hits_at_1": 0.5208333333333334,
        "hits_at_10": 0.8854166666666666,
        "hits_at_3": 0.6770833333333334,
        "hits_at_5": 0.8125,
        "inverse_arithmetic_mean_rank": 0.2532981530343008,
        "inverse_geometric_mean_rank": 0.4420492041103829,
        "inverse_harmonic_mean_rank": 0.6287537982850483,
        "inverse_median_rank": 1.0,
        "median_absolute_deviation": 0.0,
        "median_rank": 1.0,
        "standard_deviation": 4.97152263661636,
        "variance": 24.716037326388886,
        "z_arithmetic_mean_rank": 15.483909487333035,
        "z_geometric_mean_rank": 10.015326809933274,
        "z_hits_at_k": 22.900854944718404,
        "z_inverse_harmonic_mean_rank": 43.77509962161417
      },
      "pessimistic": {
        "adjusted_arithmetic_mean_rank": 0.09398636081835089,
        "adjusted_arithmetic_mean_rank_index": 0.9281087260256574,
        "adjusted_geometric_mean_rank_index": 0.958877393955493,
        "adjusted_hits_at_k": 0.8695343488272975,
        "adjusted_inverse_harmonic_mean_rank": 0.6047614444528179,
        "arithmetic_mean_rank": 3.9479166666666665,
        "count": 96.0,
        "geometric_mean_rank": 2.262191608313116,
        "harmonic_mean_rank": 1.590447648551056,
        "hits_at_1": 0.5208333333333334,
        "hits_at_10": 0.8854166666666666,
        "hits_at_3": 0.6770833333333334,
        "hits_at_5": 0.8125,
        "inverse_arithmetic_mean_rank": 0.2532981530343008,
        "inverse_geometric_mean_rank": 0.4420492041103829,
        "inverse_harmonic_mean_rank": 0.6287537982850483,
        "inverse_median_rank": 1.0,
        "median_absolute_deviation": 0.0,
        "median_rank": 1.0,
        "standard_deviation": 4.97152263661636,
        "variance": 24.716037326388886,
        "z_arithmetic_mean_rank": 15.483909487333035,
        "z_geometric_mean_rank": 10.015326809933274,
        "z_hits_at_k": 22.900854944718404,
        "z_inverse_harmonic_mean_rank": 43.77509962161417
      },
      "realistic": {
        "adjusted_arithmetic_mean_rank": 0.09398636271032722,
        "adjusted_arithmetic_mean_rank_index": 0.9281087240875412,
        "adjusted_geometric_mean_rank_index": 0.958877396375258,
        "adjusted_hits_at_k": 0.8695343488272975,
        "adjusted_inverse_harmonic_mean_rank": 0.604761468694413,
        "arithmetic_mean_rank": 3.9479167461395264,
        "count": 96.0,
        "geometric_mean_rank": 2.2621915340423584,
        "harmonic_mean_rank": 1.5904475909536862,
        "hits_at_1": 0.5208333333333334,
        "hits_at_10": 0.8854166666666666,
        "hits_at_3": 0.6770833333333334,
        "hits_at_5": 0.8125,
        "inverse_arithmetic_mean_rank": 0.2532981336116791,
        "inverse_geometric_mean_rank": 0.44204920530319214,
        "inverse_harmonic_mean_rank": 0.6287538210550945,
        "inverse_median_rank": 1.0,
        "median_absolute_deviation": 0.0,
        "median_rank": 1.0,
        "standard_deviation": 4.971522808074951,
        "variance": 24.716039657592773,
        "z_arithmetic_mean_rank": 15.483909454998875,
        "z_geometric_mean_rank": 10.015326835207347,
        "z_hits_at_k": 22.900854944718404,
        "z_inverse_harmonic_mean_rank": 43.77510137631969
      }
    },
    "head": {
      "optimistic": {
        "adjusted_arithmetic_mean_rank": 0.08229360233607644,
        "adjusted_arithmetic_mean_rank_index": 0.9417052574230454,
        "adjusted_geometric_mean_rank_index": 0.9613111633514461,
        "adjusted_hits_at_k": 0.9041818841380281,
        "adjusted_inverse_harmonic_mean_rank": 0.6053074166952226,
        "arithmetic_mean_rank": 3.2291666666666665,
        "count": 48.0,
        "geometric_mean_rank": 2.1135256413893266,
        "harmonic_mean_rank": 1.5857692508853627,
        "hits_at_1": 0.5,
        "hits_at_10": 0.9166666666666666,
        "hits_at_3": 0.7083333333333334,
        "hits_at_5": 0.875,
        "inverse_arithmetic_mean_rank": 0.3096774193548387,
        "inverse_geometric_mean_rank": 0.47314306503641457,
        "inverse_harmonic_mean_rank": 0.6306087720150221,
        "inverse_median_rank": 0.6666666666666666,
        "median_absolute_deviation": 0.741301109252801,
        "median_rank": 1.5,
        "standard_deviation": 3.5251452885740124,
        "variance": 12.426649305555557,
        "z_arithmetic_mean_rank": 11.098251692900439,
        "z_geometric_mean_rank": 7.150343540838196,
        "z_hits_at_k": 16.194845863036694,
        "z_inverse_harmonic_mean_rank": 29.98756929738046
      },
      "pessimistic": {
        "adjusted_arithmetic_mean_rank": 0.08229360233607644,
        "adjusted_arithmetic_mean_rank_index": 0.9417052574230454,
        "adjusted_geometric_mean_rank_index": 0.9613111633514461,
        "adjusted_hits_at_k": 0.9041818841380281,
        "adjusted_inverse_harmonic_mean_rank": 0.6053074166952226,
        "arithmetic_mean_rank": 3.2291666666666665,
        "count": 48.0,
        "geometric_mean_rank": 2.1135256413893266,
        "harmonic_mean_rank": 1.5857692508853627,
        "hits_at_1": 0.5,
        "hits_at_10": 0.9166666666666666,
        "hits_at_3": 0.7083333333333334,
        "hits_at_5": 0.875,
        "inverse_arithmetic_mean_rank": 0.3096774193548387,
        "inverse_geometric_mean_rank": 0.47314306503641457,
        "inverse_harmonic_mean_rank": 0.6306087720150221,
        "inverse_median_rank": 0.6666666666666666,
        "median_absolute_deviation": 0.741301109252801,
        "median_rank": 1.5,
        "standard_deviation": 3.5251452885740124,
        "variance": 12.426649305555557,
        "z_arithmetic_mean_rank": 11.098251692900439,
        "z_geometric_mean_rank": 7.150343540838196,