{
  "losses": [
    1.0351531947100605,
    0.7597067330354526,
    0.5320148495612321,
    0.3624942554735843,
    0.2717911838381379,
    0.20524725511118216,
    0.16382473136907744,
    0.13303483461524235,
    0.11049151314813414,
    0.0922292632361253,
    0.0826688855426547,
    0.07339875126418507,
    0.06675824026266734,
    0.06120904638535447,
    0.05746630538990836,
    0.05588805266184571,
    0.05484199050216027,
    0.0490215987679951,
    0.05026303936531882,
    0.049068307458066646,
    0.04581877429406216,
    0.04637317065103554,
    0.04441601490992823,
    0.043048447659124196
  ],
  "metrics": {
    "both": {
      "optimistic": {
        "adjusted_arithmetic_mean_rank": 0.03909671531720905,
        "adjusted_arithmetic_mean_rank_index": 0.962129383017685,
        "adjusted_geometric_mean_rank_index": 0.9947582264684565,
        "adjusted_hits_at_k": 0.8051073323273072,
        "adjusted_inverse_harmonic_mean_rank": 0.4516848805861073,
        "arithmetic_mean_rank": 30.679512006196745,
        "count": 5164.0,
        "geometric_mean_rank": 4.026323222301461,
        "harmonic_mean_rank": 2.2004031424453205,
        "hits_at_1": 0.2056545313710302,
        "hits_at_10": 0.8063516653756778,
        "hits_at_3": 0.6735089078233927,
        "hits_at_5": 0.7523237800154918,
        "inverse_arithmetic_mean_rank": 0.03259504257427617,
        "inverse_geometric_mean_rank": 0.24836555457373247,
        "inverse_harmonic_mean_rank": 0.4544621759123168,
        "inverse_median_rank": 0.5,
        "median_absolute_deviation": 1.482602218505602,
        "median_rank": 2.0,
        "standard_deviation": 116.18342908068017,
        "variance": 13498.589192945437,
        "z_arithmetic_mean_rank": 119.59960947957052,
        "z_geometric_mean_rank": 72.14356755229,
        "z_hits_at_k": 721.7512539351505,
        "z_inverse_harmonic_mean_rank": 1009.117093836904
      },
      "pessimistic": {
        "adjusted_arithmetic_mean_rank": 0.03909696209472654,
        "adjusted_arithmetic_mean_rank_index": 0.9621291359252832,
        "adjusted_geometric_mean_rank_index": 0.9947582218356158,
        "adjusted_hits_at_k": 0.8051073323273072,
        "adjusted_inverse_harmonic_mean_rank": 0.45168487829553877,
        "arithmetic_mean_rank": 30.67970565453137,
        "count": 5164.0,
        "geometric_mean_rank": 4.026325897058959,
        "harmonic_mean_rank": 2.200403153479561,
        "hits_at_1": 0.2056545313710302,
        "hits_at_10": 0.8063516653756778,
        "hits_at_3": 0.6735089078233927,
        "hits_at_5": 0.7523237800154918,
        "inverse_arithmetic_mean_rank": 0.03259483683645774,
        "inverse_geometric_mean_rank": 0.24836538958022572,
        "inverse_harmonic_mean_rank": 0.45446217363335034,
        "inverse_median_rank": 0.5,
        "median_absolute_deviation": 1.482602218505602,
        "median_rank": 2.0,
        "standard_deviation": 116.18386380136535,
        "variance": 13498.690207814214,
        "z_arithmetic_mean_rank": 119.59957876420593,
        "z_geometric_mean_rank": 72.14356721629916,
        "z_hits_at_k": 721.7512539351505,
        "z_inverse_harmonic_mean_rank": 1009.1170887195049
      },
      "realistic": {
        "adjusted_arithmetic_mean_rank": 0.03909683930280368,
        "adjusted_arithmetic_mean_rank_index": 0.9621292588738867,
        "adjusted_geometric_mean_rank_index": 0.9947582246500457,
        "adjusted_hits_at_k": 0.8051073323273072,
        "adjusted_inverse_harmonic_mean_rank": 0.45168489947074136,
        "arithmetic_mean_rank": 30.679609298706055,
        "count": 5164.0,
        "geometric_mean_rank": 4.026324272155762,
        "harmonic_mean_rank": 2.2004030514733266,
        "hits_at_1": 0.2056545313710302,
        "hits_at_10": 0.8063516653756778,
        "hits_at_3": 0.6735089078233927,
        "hits_at_5": 0.7523237800154918,
        "inverse_arithmetic_mean_rank": 0.032594937831163406,
        "inverse_geometric_mean_rank": 0.24836549162864685,
        "inverse_harmonic_mean_rank": 0.45446219470129745,
        "inverse_median_rank": 0.5,
        "median_absolute_deviation": 1.482602218505602,
        "median_rank": 2.0,
        "standard_deviation": 116.18364715576172,
        "variance": 13498.6396484375,
        "z_arithmetic_mean_rank": 119.59959404760255,
        "z_geometric_mean_rank": 72.14356742041208,
        "z_hits_at_k": 721.7512539351505,
        "z_inverse_harmonic_mean_rank": 1009.1171360273953
      }
    },
    "head": {
      "optimistic": {
        "adjusted_arithmetic_mean_rank": 0.04171736969708229,
        "adjusted_arithmetic_mean_rank_index": 0.9594938381897616,
        "adjusted_geometric_mean_rank_index": 0.9944374160997704,
        "adjusted_hits_at_k": 0.7922569952812121,
        "adjusted_inverse_harmonic_mean_rank": 0.44803795851556,
        "arithmetic_mean_rank": 33.047637490317584,
        "count": 2582.0,
        "geometric_mean_rank": 4.24244983120317,
        "harmonic_mean_rank": 2.2182261093944806,
        "hits_at_1": 0.20526723470178157,
        "hits_at_10": 0.7935708752904725,
        "hits_at_3": 0.6723470178156468,
        "hits_at_5": 0.7474825716498839,
        "inverse_arithmetic_mean_rank": 0.03025934910757187,
        "inverse_geometric_mean_rank": 0.2357128639789707,
        "inverse_harmonic_mean_rank": 0.45081067063671637,
        "inverse_median_rank": 0.5,
        "median_absolute_deviation": 1.482602218505602,
        "median_rank": 2.0,
        "standard_deviation": 117.57387239032731,
        "variance": 13823.61546885697,
        "z_arithmetic_mean_rank": 84.34176083505238,
        "z_geometric_mean_rank": 51.00043843308197,
        "z_hits_at_k": 504.6079248715123,
        "z_inverse_harmonic_mean_rank": 711.1170859230518
      },
      "pessimistic": {
        "adjusted_arithmetic_mean_rank": 0.041717858597335386,
        "adjusted_arithmetic_mean_rank_index": 0.95949334867157,
        "adjusted_geometric_mean_rank_index": 0.9944374064297823,
        "adjusted_hits_at_k": 0.7922569952812121,
        "adjusted_inverse_harmonic_mean_rank": 0.4480379539346153,
        "arithmetic_mean_rank": 33.04802478698683,
        "count": 2582.0,
        "geometric_mean_rank": 4.242455467873469,
        "harmonic_mean_rank": 2.218226131821913,
        "hits_at_1": 0.20526723470178157,
        "hits_at_10": 0.7935708752904725,
        "hits_at_3": 0.6723470178156468,
        "hits_at_5": 0.7474825716498839,
        "inverse_arithmetic_mean_rank": 0.030258994491972346,
        "inverse_geometric_mean_rank": 0.23571255080286085,
        "inverse_harmonic_mean_rank": 0.4508106660787835,
        "inverse_median_rank": 0.5,
        "median_absolute_deviation": 1.482602218505602,
        "median_rank": 2.0,
        "standard_deviation": 117.57472374700819,
        "variance": 13823.815664185291,
        "z_arithmetic_mean_rank": 84.34171780525416,
        "z_geometric_mean_rank": 51.00043793714967,
        "z_hits_at_k": 504.6079248715123,
        "z_inverse_harmonic_mean_rank": 711.1170786522661
      },
      "realistic": {
        "adjusted_arithmetic_mean_rank": 0.04171761585182474,
        "adjusted_arithmetic_mean_rank_index": 0.9594935917238954,
        "adjusted_geometric_mean_rank_index": 0.9944374104949083,
        "adjusted_hits_at_k": 0.7922569952812121,
        "adjusted_inverse_harmonic_mean_rank": 0.44803796337284085,
        "arithmetic_mean_rank": 33.04783248901367,
        "count": 2582.0,
        "geometric_mean_rank": 4.242453098297119,
        "harmonic_mean_rank": 2.21822608561416,
        "hits_at_1": 0.20526723470178157,
        "hits_at_10": 0.7935708752904725,
        "hits_at_3": 0.6723470178156468,
        "hits_at_5": 0.7474825716498839,
        "inverse_arithmetic_mean_rank": 0.03025916963815689,
        "inverse_geometric_mean_rank": 0.2357126772403717,
        "inverse_harmonic_mean_rank": 0.45081067546959724,
        "inverse_median_rank": 0.5,