{
  "losses": [
    1.0183888316675804,
    0.5636896513206966,
    0.24355075884143396,
    0.11473745729166027,
    0.06375010845688533,
    0.04153934482121215,
    0.030687203917261378,
    0.024272423447992207,
    0.020922735599874256,
    0.018755243602412434
  ],
  "metrics": {
    "both": {
      "optimistic": {
        "adjusted_arithmetic_mean_rank": 0.018450115564808262,
        "adjusted_arithmetic_mean_rank_index": 0.9816715116627474,
        "adjusted_geometric_mean_rank_index": 0.9969392655259086,
        "adjusted_hits_at_k": 0.41488053241754896,
        "adjusted_inverse_harmonic_mean_rank": 0.14355887304158155,
        "arithmetic_mean_rank": 148.91363719192748,
        "count": 87804.0,
        "geometric_mean_rank": 19.178070898640065,
        "harmonic_mean_rank": 6.939451387502531,
        "hits_at_1": 5.694501389458339e-05,
        "hits_at_10": 0.41524304131930206,
        "hits_at_3": 0.20269008245638012,
        "hits_at_5": 0.28941733861783064,
        "inverse_arithmetic_mean_rank": 0.006715301693364383,
        "inverse_geometric_mean_rank": 0.052142887847542105,
        "inverse_harmonic_mean_rank": 0.14410361052473547,
        "inverse_median_rank": 0.0625,
        "median_absolute_deviation": 20.756431059078427,
        "median_rank": 16.0,
        "standard_deviation": 796.8817724827119,
        "variance": 635020.5593151887,
        "z_arithmetic_mean_rank": 503.7915014081781,
        "z_geometric_mean_rank": 295.86880698654863,
        "z_hits_at_k": 4937.516646250316,
        "z_inverse_harmonic_mean_rank": 4219.602247213192
      },
      "pessimistic": {
        "adjusted_arithmetic_mean_rank": 0.018450133908792587,
        "adjusted_arithmetic_mean_rank_index": 0.98167149331649,
        "adjusted_geometric_mean_rank_index": 0.996939260460298,
        "adjusted_hits_at_k": 0.41488053241754896,
        "adjusted_inverse_harmonic_mean_rank": 0.14355878373257908,
        "arithmetic_mean_rank": 148.9137852489636,
        "count": 87804.0,
        "geometric_mean_rank": 19.17810098391181,
        "harmonic_mean_rank": 6.939455685532735,
        "hits_at_1": 5.694501389458339e-05,
        "hits_at_10": 0.41524304131930206,
        "hits_at_3": 0.20269008245638012,
        "hits_at_5": 0.28941733861783064,
        "inverse_arithmetic_mean_rank": 0.006715295016697991,
        "inverse_geometric_mean_rank": 0.052142806049404127,
        "inverse_harmonic_mean_rank": 0.1441035212725378,
        "inverse_median_rank": 0.0625,
        "median_absolute_deviation": 20.756431059078427,
        "median_rank": 16.0,
        "standard_deviation": 796.8824521311957,
        "variance": 635021.6425146273,
        "z_arithmetic_mean_rank": 503.7914919929221,
        "z_geometric_mean_rank": 295.86880548319107,
        "z_hits_at_k": 4937.516646250316,
        "z_inverse_harmonic_mean_rank": 4219.599622168432
      },
      "realistic": {
        "adjusted_arithmetic_mean_rank": 0.01845012288683055,
        "adjusted_arithmetic_mean_rank_index": 0.9816715043398178,
        "adjusted_geometric_mean_rank_index": 0.996939263738807,
        "adjusted_hits_at_k": 0.41488053241754896,
        "adjusted_inverse_harmonic_mean_rank": 0.143558813160533,
        "arithmetic_mean_rank": 148.9136962890625,
        "count": 87804.0,
        "geometric_mean_rank": 19.178081512451172,
        "harmonic_mean_rank": 6.939454269300509,
        "hits_at_1": 5.694501389458339e-05,
        "hits_at_10": 0.41524304131930206,
        "hits_at_3": 0.20269008245638012,
        "hits_at_5": 0.28941733861783064,
        "inverse_arithmetic_mean_rank": 0.006715299095958471,
        "inverse_geometric_mean_rank": 0.05214285850524902,
        "inverse_harmonic_mean_rank": 0.14410355068177416,
        "inverse_median_rank": 0.0625,
        "median_absolute_deviation": 20.756431059078427,
        "median_rank": 16.0,
        "standard_deviation": 796.8821411132812,
        "variance": 635021.125,
        "z_arithmetic_mean_rank": 503.7914976500679,
        "z_geometric_mean_rank": 295.8688064561777,
        "z_hits_at_k": 4937.516646250316,
        "z_inverse_harmonic_mean_rank": 4219.600487139422
      }
    },
    "head": {
      "optimistic": {
        "adjusted_arithmetic_mean_rank": 0.018403550982883543,
        "adjusted_arithmetic_mean_rank_index": 0.9817180770494845,
        "adjusted_geometric_mean_rank_index": 0.9969711861385978,
        "adjusted_hits_at_k": 0.4176383944941664,
        "adjusted_inverse_harmonic_mean_rank": 0.1442957932217878,
        "arithmetic_mean_rank": 148.54387043870437,
        "count": 43902.0,
        "geometric_mean_rank": 18.989328104619037,
        "harmonic_mean_rank": 6.904168122957245,
        "hits_at_1": 4.555601111566671e-05,
        "hits_at_10": 0.4179991799917999,
        "hits_at_3": 0.2036353696870302,
        "hits_at_5": 0.29108013302355246,
        "inverse_arithmetic_mean_rank": 0.006732017935486899,
        "inverse_geometric_mean_rank": 0.052661157598133036,
        "inverse_harmonic_mean_rank": 0.1448400418690373,
        "inverse_median_rank": 0.0625,
        "median_absolute_deviation": 20.756431059078427,
        "median_rank": 16.0,
        "standard_deviation": 798.8088713412475,
        "variance": 638095.6129334776,
        "z_arithmetic_mean_rank": 356.25131102108037,
        "z_geometric_mean_rank": 209.2191194195692,
        "z_hits_at_k": 3514.6318185431523,
        "z_inverse_harmonic_mean_rank": 2999.086715107024
      },
      "pessimistic": {
        "adjusted_arithmetic_mean_rank": 0.018403562271028528,
        "adjusted_arithmetic_mean_rank_index": 0.9817180657599408,
        "adjusted_geometric_mean_rank_index": 0.9969711860326711,
        "adjusted_hits_at_k": 0.4176383944941664,
        "adjusted_inverse_harmonic_mean_rank": 0.1442957932024607,
        "arithmetic_mean_rank": 148.5439615507266,
        "count": 43902.0,
        "geometric_mean_rank": 18.989328733759464,
        "harmonic_mean_rank": 6.904168123877935,
        "hits_at_1": 4.555601111566671e-05,
        "hits_at_10": 0.4179991799917999,
        "hits_at_3": 0.2036353696870302,
        "hits_at_5": 0.29108013302355246,
        "inverse_arithmetic_mean_rank": 0.0067320138062866176,
        "inverse_geometric_mean_rank": 0.05266115585340242,
        "inverse_harmonic_mean_rank": 0.1448400418497225,
        "inverse_median_rank": 0.0625,
        "median_absolute_deviation": 20.756431059078427,
        "median_rank": 16.0,
        "standard_deviation": 798.8095963288483,
        "variance": 638096.7711870576,
        "z_arithmetic_mean_rank": 356.251306924268,
        "z_geometric_mean_rank": 209.21911939734,
        "z_hits_at_k": 3514.6318185431523,
        "z_inverse_harmonic_mean_rank": 2999.0867147053236
      },
      "realistic": {
        "adjusted_arithmetic_mean_rank": 0.018403556478309963,
        "adjusted_arithmetic_mean_rank_index": 0.9817180715533772,
        "adjusted_geometric_mean_rank_index": 0.9969711857703569,
        "adjusted_hits_at_k": 0.4176383944941664,
        "adjusted_inverse_harmonic_mean_rank": 0.14429579458912195,
        "arithmetic_mean_rank": 148.54391479492188,
        "count": 43902.0,
        "geometric_mean_rank": 18.989330291748047,
        "harmonic_mean_rank": 6.904168057821248,
        "hits_at_1": 4.555601111566671e-05,
        "hits_at_10": 0.4179991799917999,
        "hits_at_3": 0.2036353696870302,
        "hits_at_5": 0.29108013302355246,
        "inverse_arithmetic_mean_rank": 0.006732015870511532,
        "inverse_geometric_mean_rank": 0.05266115069389343,
        "inverse_harmonic_mean_rank": 0.1448400432355018,
        "inverse_median_rank": 0.0625,
        "median_absolute_deviation": 20.756431059078427,
        "median_rank": 16.0,
        "standard_deviation": 798.8092041015625,
        "variance": 638096.1875,
        "z_arithmetic_mean_rank": 356.2513090266224,
        "z_geometric_mean_rank": 209.2191193422921,
        "z_hits_at_k": 3514.6318185431523,