{
  "losses": [
    1.1030055531641332,
    0.9291630125627285,
    0.7976946554532865,
    0.689077343882584,
    0.6049684082589498,
    0.5427321231946712,
    0.48500706001025873,
    0.4464651462508411,
    0.4054354254792376,
    0.3868982181316469,
    0.361790624333591,
    0.32943112384982226,
    0.3213331633951606,
    0.3006304320765705,
    0.28774330710492485,
    0.269540044592648,
    0.25368811444538397,
    0.26209682844034055,
    0.23383869957633135,
    0.2268786866490434,
    0.21345242530834385,
    0.2111756369108107,
    0.20191589106873767,
    0.18848561659091856
  ],
  "metrics": {
    "both": {
      "optimistic": {
        "adjusted_arithmetic_mean_rank": 0.17297638489731554,
        "adjusted_arithmetic_mean_rank_index": 0.82933446053965,
        "adjusted_geometric_mean_rank_index": 0.9360369116511311,
        "adjusted_hits_at_k": 0.3811175731717852,
        "adjusted_inverse_harmonic_mean_rank": 0.1706767344058244,
        "arithmetic_mean_rank": 62.07913110938712,
        "count": 2578.0,
        "geometric_mean_rank": 17.82826815025303,
        "harmonic_mean_rank": 5.586087800851447,
        "hits_at_1": 0.08456167571761056,
        "hits_at_10": 0.38983708301008535,
        "hits_at_3": 0.1803723816912335,
        "hits_at_5": 0.24088440651667958,
        "inverse_arithmetic_mean_rank": 0.016108472881779554,
        "inverse_geometric_mean_rank": 0.0560906977375594,
        "inverse_harmonic_mean_rank": 0.17901616223210404,
        "inverse_median_rank": 0.058823529411764705,
        "median_absolute_deviation": 22.239033277584028,
        "median_rank": 17.0,
        "standard_deviation": 110.07302367969794,
        "variance": 12116.070541991345,
        "z_arithmetic_mean_rank": 72.54358594403149,
        "z_geometric_mean_rank": 48.29303880927952,
        "z_hits_at_k": 161.88825487967566,
        "z_inverse_harmonic_mean_rank": 182.33953496277113
      },
      "pessimistic": {
        "adjusted_arithmetic_mean_rank": 0.17297638489731554,
        "adjusted_arithmetic_mean_rank_index": 0.82933446053965,
        "adjusted_geometric_mean_rank_index": 0.9360369116511311,
        "adjusted_hits_at_k": 0.3811175731717852,
        "adjusted_inverse_harmonic_mean_rank": 0.1706767344058244,
        "arithmetic_mean_rank": 62.07913110938712,
        "count": 2578.0,
        "geometric_mean_rank": 17.82826815025303,
        "harmonic_mean_rank": 5.586087800851447,
        "hits_at_1": 0.08456167571761056,
        "hits_at_10": 0.38983708301008535,
        "hits_at_3": 0.1803723816912335,
        "hits_at_5": 0.24088440651667958,
        "inverse_arithmetic_mean_rank": 0.016108472881779554,
        "inverse_geometric_mean_rank": 0.0560906977375594,
        "inverse_harmonic_mean_rank": 0.17901616223210404,
        "inverse_median_rank": 0.058823529411764705,
        "median_absolute_deviation": 22.239033277584028,
        "median_rank": 17.0,
        "standard_deviation": 110.07302367969794,
        "variance": 12116.070541991345,
        "z_arithmetic_mean_rank": 72.54358594403149,
        "z_geometric_mean_rank": 48.29303880927952,
        "z_hits_at_k": 161.88825487967566,
        "z_inverse_harmonic_mean_rank": 182.33953496277113
      },
      "realistic": {
        "adjusted_arithmetic_mean_rank": 0.1729763876020348,
        "adjusted_arithmetic_mean_rank_index": 0.8293344578273733,
        "adjusted_geometric_mean_rank_index": 0.9360369192775253,
        "adjusted_hits_at_k": 0.3811175731717852,
        "adjusted_inverse_harmonic_mean_rank": 0.17067674474743835,
        "arithmetic_mean_rank": 62.079132080078125,
        "count": 2578.0,
        "geometric_mean_rank": 17.828266143798828,
        "harmonic_mean_rank": 5.586087481392857,
        "hits_at_1": 0.08456167571761056,
        "hits_at_10": 0.38983708301008535,
        "hits_at_3": 0.1803723816912335,
        "hits_at_5": 0.24088440651667958,
        "inverse_arithmetic_mean_rank": 0.016108471900224686,
        "inverse_geometric_mean_rank": 0.05609070509672165,
        "inverse_harmonic_mean_rank": 0.17901617246972581,
        "inverse_median_rank": 0.05882352963089943,
        "median_absolute_deviation": 22.239033277584028,
        "median_rank": 17.0,
        "standard_deviation": 110.0730209350586,
        "variance": 12116.0703125,
        "z_arithmetic_mean_rank": 72.54358570678308,
        "z_geometric_mean_rank": 48.29303920274878,
        "z_hits_at_k": 161.88825487967566,
        "z_inverse_harmonic_mean_rank": 182.3395460110554
      }
    },
    "head": {
      "optimistic": {
        "adjusted_arithmetic_mean_rank": 0.20927636968342175,
        "adjusted_arithmetic_mean_rank_index": 0.7929068291716423,
        "adjusted_geometric_mean_rank_index": 0.9393165288914967,
        "adjusted_hits_at_k": 0.42092388606450304,
        "adjusted_inverse_harmonic_mean_rank": 0.20579326412743082,
        "arithmetic_mean_rank": 76.00620636152055,
        "count": 1289.0,
        "geometric_mean_rank": 17.13693762122135,
        "harmonic_mean_rank": 4.679028351790396,
        "hits_at_1": 0.11792086889061287,
        "hits_at_10": 0.42901474010861135,
        "hits_at_3": 0.22885958107059737,
        "hits_at_5": 0.3064391000775795,
        "inverse_arithmetic_mean_rank": 0.013156820316008656,
        "inverse_geometric_mean_rank": 0.05835348310783721,
        "inverse_harmonic_mean_rank": 0.21371958552406664,
        "inverse_median_rank": 0.06666666666666667,
        "median_absolute_deviation": 19.273828840572826,
        "median_rank": 15.0,
        "standard_deviation": 130.20840236047349,
        "variance": 16954.22804526696,
        "z_arithmetic_mean_rank": 49.003121437706525,
        "z_geometric_mean_rank": 34.273522984469935,
        "z_hits_at_k": 126.97025969666637,
        "z_inverse_harmonic_mean_rank": 156.11413423793928
      },
      "pessimistic": {
        "adjusted_arithmetic_mean_rank": 0.20927636968342175,
        "adjusted_arithmetic_mean_rank_index": 0.7929068291716423,
        "adjusted_geometric_mean_rank_index": 0.9393165288914967,
        "adjusted_hits_at_k": 0.42092388606450304,
        "adjusted_inverse_harmonic_mean_rank": 0.20579326412743082,
        "arithmetic_mean_rank": 76.00620636152055,
        "count": 1289.0,
        "geometric_mean_rank": 17.13693762122135,
        "harmonic_mean_rank": 4.679028351790396,
        "hits_at_1": 0.11792086889061287,
        "hits_at_10": 0.42901474010861135,
        "hits_at_3": 0.22885958107059737,
        "hits_at_5": 0.3064391000775795,
        "inverse_arithmetic_mean_rank": 0.013156820316008656,
        "inverse_geometric_mean_rank": 0.05835348310783721,
        "inverse_harmonic_mean_rank": 0.21371958552406664,
        "inverse_median_rank": 0.06666666666666667,
        "median_absolute_deviation": 19.273828840572826,
        "median_rank": 15.0,
        "standard_deviation": 130.20840236047349,
        "variance": 16954.22804526696,
        "z_arithmetic_mean_rank": 49.003121437706525,
        "z_geometric_mean_rank": 34.273522984469935,
        "z_hits_at_k": 126.97025969666637,
        "z_inverse_harmonic_mean_rank": 156.11413423793928
      },
      "realistic": {
        "adjusted_arithmetic_mean_rank": 0.20927635959556418,
        "adjusted_arithmetic_mean_rank_index": 0.7929068392873526,
        "adjusted_geometric_mean_rank_index": 0.9393165199368424,
        "adjusted_hits_at_k": 0.42092388606450304,
        "adjusted_inverse_harmonic_mean_rank": 0.2057932738167987,
        "arithmetic_mean_rank": 76.0062026977539,
        "count": 1289.0,
        "geometric_mean_rank": 17.136940002441406,
        "harmonic_mean_rank": 4.679028141775223,
        "hits_at_1": 0.11792086889061287,
        "hits_at_10": 0.42901474010861135,
        "hits_at_3": 0.22885958107059737,
        "hits_at_5": 0.3064391000775795,
        "inverse_arithmetic_mean_rank": 0.013156821019947529,
        "inverse_geometric_mean_rank": 0.0583534762263298,