{
  "losses": [
    0.4802545329653903,
    0.25700317166353526,
    0.19691216585373408,
    0.13516968237481228,
    0.12012079271095756,
    0.10955619302235152,
    0.10438140196186539,
    0.10009608338096816,
    0.0980777653105753,
    0.09696878545525435,
    0.0966993698997325,
    0.09238796493675756,
    0.09375427271190442,
    0.09383922518770162,
    0.09164436546301372,
    0.09016445032811087,
    0.09004484239879898,
    0.08993059526638765,
    0.08789462208943932,
    0.08557807574489791,
    0.0843166951825352,
    0.08744679142622963,
    0.0854290125425905,
    0.08294483320787549,
    0.08238831973683677,
    0.08292124502507872,
    0.08328822274741374,
    0.0826281853461344,
    0.08333699575527326,
    0.0804355574379626,
    0.08104008921471081,
    0.08255848949039846,
    0.08268342121798349,
    0.07971177519740243,
    0.08127285114881631,
    0.07985894964076579,
    0.08089613307904649,
    0.0805344534180078,
    0.08080217586585174,
    0.0795118805744048,
    0.0801811965403,
    0.07800604260869716,
    0.07844222405631292,
    0.0789595277685868,
    0.07512969573297978,
    0.07850671786888454,
    0.07678102891843178,
    0.07873537045854487,
    0.0783771374753039,
    0.08046479060584188,
    0.07780564964846953,
    0.07911995158677823,
    0.07821817879908179,
    0.07590677619813696,
    0.07887008451660604,
    0.07789199133893769,
    0.0770080326688721,
    0.07843464576198082,
    0.07791079508483802,
    0.07687478025419343,
    0.07590069598518312,
    0.07734370520828586,
    0.07725361830211784,
    0.07721004652251538,
    0.07560560707076404,
    0.07535753109933514,
    0.07736899948825962,
    0.07602667384535859,
    0.0758186248866351,
    0.07590898050387439,
    0.07699888459970489,
    0.07542635932393175
  ],
  "metrics": {
    "both": {
      "optimistic": {
        "adjusted_arithmetic_mean_rank": 0.0032944743288851196,
        "adjusted_arithmetic_mean_rank_index": 0.9975636055462478,
        "adjusted_geometric_mean_rank_index": 0.9997380436716516,
        "adjusted_hits_at_k": 0.9719581475813066,
        "adjusted_inverse_harmonic_mean_rank": 0.9173443596871265,
        "arithmetic_mean_rank": 3.830002060581084,
        "count": 19412.0,
        "geometric_mean_rank": 1.2238818129563787,
        "harmonic_mean_rank": 1.0897505395345721,
        "hits_at_1": 0.8865134968060994,
        "hits_at_10": 0.9720791263136205,
        "hits_at_3": 0.9393158870801566,
        "hits_at_5": 0.9545126725736658,
        "inverse_arithmetic_mean_rank": 0.26109646527142627,
        "inverse_geometric_mean_rank": 0.8170723589595834,
        "inverse_harmonic_mean_rank": 0.9176412066077947,
        "inverse_median_rank": 1.0,
        "median_absolute_deviation": 0.0,
        "median_rank": 1.0,
        "standard_deviation": 41.485676493846235,
        "variance": 1721.061354152066,
        "z_arithmetic_mean_rank": 240.3193825474614,
        "z_geometric_mean_rank": 140.24683351668506,
        "z_hits_at_k": 2057.288953521796,
        "z_inverse_harmonic_mean_rank": 4825.354623588725
      },
      "pessimistic": {
        "adjusted_arithmetic_mean_rank": 0.0032944743288851196,
        "adjusted_arithmetic_mean_rank_index": 0.9975636055462478,
        "adjusted_geometric_mean_rank_index": 0.9997380436716516,
        "adjusted_hits_at_k": 0.9719581475813066,
        "adjusted_inverse_harmonic_mean_rank": 0.9173443596871265,
        "arithmetic_mean_rank": 3.830002060581084,
        "count": 19412.0,
        "geometric_mean_rank": 1.2238818129563787,
        "harmonic_mean_rank": 1.0897505395345721,
        "hits_at_1": 0.8865134968060994,
        "hits_at_10": 0.9720791263136205,
        "hits_at_3": 0.9393158870801566,
        "hits_at_5": 0.9545126725736658,
        "inverse_arithmetic_mean_rank": 0.26109646527142627,
        "inverse_geometric_mean_rank": 0.8170723589595834,
        "inverse_harmonic_mean_rank": 0.9176412066077947,
        "inverse_median_rank": 1.0,
        "median_absolute_deviation": 0.0,
        "median_rank": 1.0,
        "standard_deviation": 41.485676493846235,
        "variance": 1721.061354152066,
        "z_arithmetic_mean_rank": 240.3193825474614,
        "z_geometric_mean_rank": 140.24683351668506,
        "z_hits_at_k": 2057.288953521796,
        "z_inverse_harmonic_mean_rank": 4825.354623588725
      },
      "realistic": {
        "adjusted_arithmetic_mean_rank": 0.003294474336533958,
        "adjusted_arithmetic_mean_rank_index": 0.9975636055385924,
        "adjusted_geometric_mean_rank_index": 0.9997380437786655,
        "adjusted_hits_at_k": 0.9719581475813066,
        "adjusted_inverse_harmonic_mean_rank": 0.9173443756134886,
        "arithmetic_mean_rank": 3.8300020694732666,
        "count": 19412.0,
        "geometric_mean_rank": 1.223881721496582,
        "harmonic_mean_rank": 1.089750520689047,
        "hits_at_1": 0.8865134968060994,
        "hits_at_10": 0.9720791263136205,
        "hits_at_3": 0.9393158870801566,
        "hits_at_5": 0.9545126725736658,
        "inverse_arithmetic_mean_rank": 0.2610964775085449,
        "inverse_geometric_mean_rank": 0.8170723915100098,
        "inverse_harmonic_mean_rank": 0.9176412224769593,
        "inverse_median_rank": 1.0,
        "median_absolute_deviation": 0.0,
        "median_rank": 1.0,
        "standard_deviation": 41.48567581176758,
        "variance": 1721.0611572265625,
        "z_arithmetic_mean_rank": 240.31938254561715,
        "z_geometric_mean_rank": 140.24683353169735,
        "z_hits_at_k": 2057.288953521796,
        "z_inverse_harmonic_mean_rank": 4825.354707363531
      }
    },
    "head": {
      "optimistic": {
        "adjusted_arithmetic_mean_rank": 0.0024279872399975235,
        "adjusted_arithmetic_mean_rank_index": 0.9984206016437626,
        "adjusted_geometric_mean_rank_index": 0.999784712174619,
        "adjusted_hits_at_k": 0.9784782122018253,
        "adjusted_inverse_harmonic_mean_rank": 0.9256165014190004,
        "arithmetic_mean_rank": 2.856686585617144,
        "count": 9706.0,
        "geometric_mean_rank": 1.1862137759539793,
        "harmonic_mean_rank": 1.0800525897461992,
        "hits_at_1": 0.8962497424273645,
        "hits_at_10": 0.9785699567277972,
        "hits_at_3": 0.9475582114156192,
        "hits_at_5": 0.9626004533278385,
        "inverse_arithmetic_mean_rank": 0.35005590218920185,
        "inverse_geometric_mean_rank": 0.8430183667322342,
        "inverse_harmonic_mean_rank": 0.9258808408903397,
        "inverse_median_rank": 1.0,
        "median_absolute_deviation": 0.0,
        "median_rank": 1.0,
        "standard_deviation": 34.17253837583729,
        "variance": 1167.7623790480725,
        "z_arithmetic_mean_rank": 170.06876734971007,
        "z_geometric_mean_rank": 99.17175127642061,
        "z_hits_at_k": 1473.3136504784954,
        "z_inverse_harmonic_mean_rank": 3463.3161669332835
      },
      "pessimistic": {
        "adjusted_arithmetic_mean_rank": 0.0024279872399975235,
        "adjusted_arithmetic_mean_rank_index": 0.9984206016437626,
        "adjusted_geometric_mean_rank_index": 0.999784712174619,
        "adjusted_hits_at_k": 0.9784782122018253,
        "adjusted_inverse_harmonic_mean_rank": 0.9256165014190004,
        "arithmetic_mean_rank": 2.856686585617144,
        "count": 9706.0,
        "geometric_mean_rank": 1.1862137759539793,
        "harmonic_mean_rank": 1.0800525897461992,
        "hits_at_1": 0.8962497424273645,
        "hits_at_10": 0.9785699567277972,
        "hits_at_3": 0.9475582114156192,
        "hits_at_5": 0.9626004533278385,
        "inverse_arithmetic_mean_rank": 0.35005590218920185,
        "inverse_geometric_mean_rank": 0.8430183667322342,
        "inverse_harmonic_mean_rank": 0.9258808408903397,
        "inverse_median_rank": 1.0,
        "median_absolute_deviation": 0.0,
        "median_rank": 1.0,
        "standard_deviation": 34.17253837583729,
        "variance": 1167.7623790480725,