{
  "losses": [
    0.5753330669285338,
    0.22036233691521634,
    0.16661707918953012,
    0.14676480896678973,
    0.13982823822233412,
    0.12499167595380618,
    0.10826336895978009,
    0.09586062622659,
    0.0910502386589845,
    0.08881990731130411,
    0.08337099477648735,
    0.08122652529934306,
    0.07678295584556497,
    0.07098345145767118,
    0.06546831144778817,
    0.06856745780434137,
    0.06277348160927679,
    0.06716916181239081,
    0.06666010351460656,
    0.0650908977345184,
    0.06409874034148676,
    0.0635258141261192,
    0.05611040452380239,
    0.05805975175750108
  ],
  "metrics": {
    "both": {
      "optimistic": {
        "adjusted_arithmetic_mean_rank": 0.02869713465098686,
        "adjusted_arithmetic_mean_rank_index": 0.9725412361665523,
        "adjusted_geometric_mean_rank_index": 0.9977212879123851,
        "adjusted_hits_at_k": 0.8388246352713641,
        "adjusted_inverse_harmonic_mean_rank": 0.7383600944683893,
        "arithmetic_mean_rank": 22.536986831913246,
        "count": 5164.0,
        "geometric_mean_rank": 2.3166901371742057,
        "harmonic_mean_rank": 1.3519279907880233,
        "hits_at_1": 0.6843532145623548,
        "hits_at_10": 0.8398528272656856,
        "hits_at_3": 0.7660728117738187,
        "hits_at_5": 0.8013168086754454,
        "inverse_arithmetic_mean_rank": 0.044371503939646506,
        "inverse_geometric_mean_rank": 0.4316503031431536,
        "inverse_harmonic_mean_rank": 0.7396843669292708,
        "inverse_median_rank": 1.0,
        "median_absolute_deviation": 0.0,
        "median_rank": 1.0,
        "standard_deviation": 106.47785899855505,
        "variance": 11337.53445691617,
        "z_arithmetic_mean_rank": 120.896134386391,
        "z_geometric_mean_rank": 72.35806539006813,
        "z_hits_at_k": 752.296169554201,
        "z_inverse_harmonic_mean_rank": 1650.2699844946515
      },
      "pessimistic": {
        "adjusted_arithmetic_mean_rank": 0.02869713465098686,
        "adjusted_arithmetic_mean_rank_index": 0.9725412361665523,
        "adjusted_geometric_mean_rank_index": 0.9977212879123851,
        "adjusted_hits_at_k": 0.8388246352713641,
        "adjusted_inverse_harmonic_mean_rank": 0.7383600944683893,
        "arithmetic_mean_rank": 22.536986831913246,
        "count": 5164.0,
        "geometric_mean_rank": 2.3166901371742057,
        "harmonic_mean_rank": 1.3519279907880233,
        "hits_at_1": 0.6843532145623548,
        "hits_at_10": 0.8398528272656856,
        "hits_at_3": 0.7660728117738187,
        "hits_at_5": 0.8013168086754454,
        "inverse_arithmetic_mean_rank": 0.044371503939646506,
        "inverse_geometric_mean_rank": 0.4316503031431536,
        "inverse_harmonic_mean_rank": 0.7396843669292708,
        "inverse_median_rank": 1.0,
        "median_absolute_deviation": 0.0,
        "median_rank": 1.0,
        "standard_deviation": 106.47785899855505,
        "variance": 11337.53445691617,
        "z_arithmetic_mean_rank": 120.896134386391,
        "z_geometric_mean_rank": 72.35806539006813,
        "z_hits_at_k": 752.296169554201,
        "z_inverse_harmonic_mean_rank": 1650.2699844946515
      },
      "realistic": {
        "adjusted_arithmetic_mean_rank": 0.028697135252986877,
        "adjusted_arithmetic_mean_rank_index": 0.9725412355637848,
        "adjusted_geometric_mean_rank_index": 0.9977212877923595,
        "adjusted_hits_at_k": 0.8388246352713641,
        "adjusted_inverse_harmonic_mean_rank": 0.7383600768824771,
        "arithmetic_mean_rank": 22.5369873046875,
        "count": 5164.0,
        "geometric_mean_rank": 2.31669020652771,
        "harmonic_mean_rank": 1.3519280227672752,
        "hits_at_1": 0.6843532145623548,
        "hits_at_10": 0.8398528272656856,
        "hits_at_3": 0.7660728117738187,
        "hits_at_5": 0.8013168086754454,
        "inverse_arithmetic_mean_rank": 0.044371504336595535,
        "inverse_geometric_mean_rank": 0.4316502809524536,
        "inverse_harmonic_mean_rank": 0.7396843494323684,
        "inverse_median_rank": 1.0,
        "median_absolute_deviation": 0.0,
        "median_rank": 1.0,
        "standard_deviation": 106.47785949707031,
        "variance": 11337.5341796875,
        "z_arithmetic_mean_rank": 120.89613431146125,
        "z_geometric_mean_rank": 72.35806538136347,
        "z_hits_at_k": 752.296169554201,
        "z_inverse_harmonic_mean_rank": 1650.2699451892997
      }
    },
    "head": {
      "optimistic": {
        "adjusted_arithmetic_mean_rank": 0.028019653053469155,
        "adjusted_arithmetic_mean_rank_index": 0.9732085158611057,
        "adjusted_geometric_mean_rank_index": 0.9980116859439672,
        "adjusted_hits_at_k": 0.8530600983495539,
        "adjusted_inverse_harmonic_mean_rank": 0.7651575405372145,
        "arithmetic_mean_rank": 22.202943454686288,
        "count": 2582.0,
        "geometric_mean_rank": 2.1593297185604845,
        "harmonic_mean_rank": 1.3049090353438197,
        "hits_at_1": 0.71998450813323,
        "hits_at_10": 0.8539891556932611,
        "hits_at_3": 0.7854376452362509,
        "hits_at_5": 0.8175832687838884,
        "inverse_arithmetic_mean_rank": 0.04503907340217695,
        "inverse_geometric_mean_rank": 0.46310667213279927,
        "inverse_harmonic_mean_rank": 0.7663369422041884,
        "inverse_median_rank": 1.0,
        "median_absolute_deviation": 0.0,
        "median_rank": 1.0,
        "standard_deviation": 108.52275023693906,
        "variance": 11777.187318989058,
        "z_arithmetic_mean_rank": 85.54751558597745,
        "z_geometric_mean_rank": 51.18365145756509,
        "z_hits_at_k": 543.4145559066557,
        "z_inverse_harmonic_mean_rank": 1214.618135981005
      },
      "pessimistic": {
        "adjusted_arithmetic_mean_rank": 0.028019653053469155,
        "adjusted_arithmetic_mean_rank_index": 0.9732085158611057,
        "adjusted_geometric_mean_rank_index": 0.9980116859439672,
        "adjusted_hits_at_k": 0.8530600983495539,
        "adjusted_inverse_harmonic_mean_rank": 0.7651575405372145,
        "arithmetic_mean_rank": 22.202943454686288,
        "count": 2582.0,
        "geometric_mean_rank": 2.1593297185604845,
        "harmonic_mean_rank": 1.3049090353438197,
        "hits_at_1": 0.71998450813323,
        "hits_at_10": 0.8539891556932611,
        "hits_at_3": 0.7854376452362509,
        "hits_at_5": 0.8175832687838884,
        "inverse_arithmetic_mean_rank": 0.04503907340217695,
        "inverse_geometric_mean_rank": 0.46310667213279927,
        "inverse_harmonic_mean_rank": 0.7663369422041884,
        "inverse_median_rank": 1.0,
        "median_absolute_deviation": 0.0,
        "median_rank": 1.0,
        "standard_deviation": 108.52275023693906,
        "variance": 11777.187318989058,
        "z_arithmetic_mean_rank": 85.54751558597745,
        "z_geometric_mean_rank": 51.18365145756509,
        "z_hits_at_k": 543.4145559066557,
        "z_inverse_harmonic_mean_rank": 1214.618135981005
      },
      "realistic": {
        "adjusted_arithmetic_mean_rank": 0.028019653491620253,
        "adjusted_arithmetic_mean_rank_index": 0.9732085154224009,
        "adjusted_geometric_mean_rank_index": 0.9980116856478726,
        "adjusted_hits_at_k": 0.8530600983495539,
        "adjusted_inverse_harmonic_mean_rank": 0.7651575491259418,
        "arithmetic_mean_rank": 22.202943801879883,
        "count": 2582.0,
        "geometric_mean_rank": 2.159329891204834,
        "harmonic_mean_rank": 1.304909020792489,
        "hits_at_1": 0.71998450813323,
        "hits_at_10": 0.8539891556932611,
        "hits_at_3": 0.7854376452362509,
        "hits_at_5": 0.8175832687838884,
        "inverse_arithmetic_mean_rank": 0.04503907263278961,
        "inverse_geometric_mean_rank": 0.463106632232666,
        "inverse_harmonic_mean_rank": 0.7663369507497821,
        "inverse_median_rank": 1.0,
        "median_absolute_deviation": 0.0,
        "median_rank": 1.0,
        "standard_deviation": 108.52275848388672,