{
  "losses": [
    0.7976245563707234,
    0.46301769253648356,
    0.3403859278302134,
    0.2988696192149763,
    0.2844250656572389,
    0.2680823687050078,
    0.2538081243818189,
    0.24129139530805893,
    0.22486467843438374,
    0.20704889168709883,
    0.1981602993644314,
    0.17870194051000807,
    0.16469549792416302,
    0.14093644677856823,
    0.13407688201577575,
    0.12062845084770227,
    0.11408127108473837,
    0.10293491322685171,
    0.09405734518795837,
    0.08912520073814156,
    0.080864345125946,
    0.08031005072005001,
    0.07679006287161215,
    0.07175366562089802
  ],
  "metrics": {
    "both": {
      "optimistic": {
        "adjusted_arithmetic_mean_rank": 0.04509725736980699,
        "adjusted_arithmetic_mean_rank_index": 0.9561210281283569,
        "adjusted_geometric_mean_rank_index": 0.996179805042378,
        "adjusted_hits_at_k": 0.7826948117060097,
        "adjusted_inverse_harmonic_mean_rank": 0.6501681390580869,
        "arithmetic_mean_rank": 35.39271882261813,
        "count": 5164.0,
        "geometric_mean_rank": 3.2058297597403267,
        "harmonic_mean_rank": 1.5338836436105965,
        "hits_at_1": 0.5792021688613478,
        "hits_at_10": 0.7840821068938807,
        "hits_at_3": 0.6940356312935708,
        "hits_at_5": 0.7387683965917893,
        "inverse_arithmetic_mean_rank": 0.028254399019522015,
        "inverse_geometric_mean_rank": 0.31193172281269244,
        "inverse_harmonic_mean_rank": 0.6519399331008628,
        "inverse_median_rank": 1.0,
        "median_absolute_deviation": 0.0,
        "median_rank": 1.0,
        "standard_deviation": 124.41086696889123,
        "variance": 15478.063819951149,
        "z_arithmetic_mean_rank": 118.8512483947753,
        "z_geometric_mean_rank": 72.24661912571827,
        "z_hits_at_k": 701.6937097351838,
        "z_inverse_harmonic_mean_rank": 1452.6225620086939
      },
      "pessimistic": {
        "adjusted_arithmetic_mean_rank": 0.04509725736980699,
        "adjusted_arithmetic_mean_rank_index": 0.9561210281283569,
        "adjusted_geometric_mean_rank_index": 0.996179805042378,
        "adjusted_hits_at_k": 0.7826948117060097,
        "adjusted_inverse_harmonic_mean_rank": 0.6501681390580869,
        "arithmetic_mean_rank": 35.39271882261813,
        "count": 5164.0,
        "geometric_mean_rank": 3.2058297597403267,
        "harmonic_mean_rank": 1.5338836436105965,
        "hits_at_1": 0.5792021688613478,
        "hits_at_10": 0.7840821068938807,
        "hits_at_3": 0.6940356312935708,
        "hits_at_5": 0.7387683965917893,
        "inverse_arithmetic_mean_rank": 0.028254399019522015,
        "inverse_geometric_mean_rank": 0.31193172281269244,
        "inverse_harmonic_mean_rank": 0.6519399331008628,
        "inverse_median_rank": 1.0,
        "median_absolute_deviation": 0.0,
        "median_rank": 1.0,
        "standard_deviation": 124.41086696889123,
        "variance": 15478.063819951149,
        "z_arithmetic_mean_rank": 118.8512483947753,
        "z_geometric_mean_rank": 72.24661912571827,
        "z_hits_at_k": 701.6937097351838,
        "z_inverse_harmonic_mean_rank": 1452.6225620086939
      },
      "realistic": {
        "adjusted_arithmetic_mean_rank": 0.04509725793832861,
        "adjusted_arithmetic_mean_rank_index": 0.9561210275591099,
        "adjusted_geometric_mean_rank_index": 0.9961798044579467,
        "adjusted_hits_at_k": 0.7826948117060097,
        "adjusted_inverse_harmonic_mean_rank": 0.6501681120522932,
        "arithmetic_mean_rank": 35.39271926879883,
        "count": 5164.0,
        "geometric_mean_rank": 3.2058300971984863,
        "harmonic_mean_rank": 1.5338837068279971,
        "hits_at_1": 0.5792021688613478,
        "hits_at_10": 0.7840821068938807,
        "hits_at_3": 0.6940356312935708,
        "hits_at_5": 0.7387683965917893,
        "inverse_arithmetic_mean_rank": 0.028254399076104164,
        "inverse_geometric_mean_rank": 0.31193169951438904,
        "inverse_harmonic_mean_rank": 0.6519399062318455,
        "inverse_median_rank": 1.0,
        "median_absolute_deviation": 0.0,
        "median_rank": 1.0,
        "standard_deviation": 124.4108657836914,
        "variance": 15478.0634765625,
        "z_arithmetic_mean_rank": 118.85124832401468,
        "z_geometric_mean_rank": 72.24661908333316,
        "z_hits_at_k": 701.6937097351838,
        "z_inverse_harmonic_mean_rank": 1452.6225016716476
      }
    },
    "head": {
      "optimistic": {
        "adjusted_arithmetic_mean_rank": 0.04345044735737824,
        "adjusted_arithmetic_mean_rank_index": 0.9577590040017787,
        "adjusted_geometric_mean_rank_index": 0.9959993114056568,
        "adjusted_hits_at_k": 0.7934256596410385,
        "adjusted_inverse_harmonic_mean_rank": 0.6209232199004439,
        "arithmetic_mean_rank": 34.40821068938807,
        "count": 2582.0,
        "geometric_mean_rank": 3.3310545854425904,
        "harmonic_mean_rank": 1.6055791031819375,
        "hits_at_1": 0.5298218435321457,
        "hits_at_10": 0.7947327652982185,
        "hits_at_3": 0.6800929512006196,
        "hits_at_5": 0.7474825716498839,
        "inverse_arithmetic_mean_rank": 0.02906283064316427,
        "inverse_geometric_mean_rank": 0.30020522760876106,
        "inverse_harmonic_mean_rank": 0.6228282356304958,
        "inverse_median_rank": 1.0,
        "median_absolute_deviation": 0.0,
        "median_rank": 1.0,
        "standard_deviation": 116.16701455031321,
        "variance": 13494.775269532682,
        "z_arithmetic_mean_rank": 84.1851234980713,
        "z_geometric_mean_rank": 51.080694649816145,
        "z_hits_at_k": 505.2324578805007,
        "z_inverse_harmonic_mean_rank": 985.2880393935382
      },
      "pessimistic": {
        "adjusted_arithmetic_mean_rank": 0.04345044735737824,
        "adjusted_arithmetic_mean_rank_index": 0.9577590040017787,
        "adjusted_geometric_mean_rank_index": 0.9959993114056568,
        "adjusted_hits_at_k": 0.7934256596410385,
        "adjusted_inverse_harmonic_mean_rank": 0.6209232199004439,
        "arithmetic_mean_rank": 34.40821068938807,
        "count": 2582.0,
        "geometric_mean_rank": 3.3310545854425904,
        "harmonic_mean_rank": 1.6055791031819375,
        "hits_at_1": 0.5298218435321457,
        "hits_at_10": 0.7947327652982185,
        "hits_at_3": 0.6800929512006196,
        "hits_at_5": 0.7474825716498839,
        "inverse_arithmetic_mean_rank": 0.02906283064316427,
        "inverse_geometric_mean_rank": 0.30020522760876106,
        "inverse_harmonic_mean_rank": 0.6228282356304958,
        "inverse_median_rank": 1.0,
        "median_absolute_deviation": 0.0,
        "median_rank": 1.0,
        "standard_deviation": 116.16701455031321,
        "variance": 13494.775269532682,
        "z_arithmetic_mean_rank": 84.1851234980713,
        "z_geometric_mean_rank": 51.080694649816145,
        "z_hits_at_k": 505.2324578805007,
        "z_inverse_harmonic_mean_rank": 985.2880393935382
      },
      "realistic": {
        "adjusted_arithmetic_mean_rank": 0.043450447439467944,
        "adjusted_arithmetic_mean_rank_index": 0.9577590039195852,
        "adjusted_geometric_mean_rank_index": 0.995999312048875,
        "adjusted_hits_at_k": 0.7934256596410385,
        "adjusted_inverse_harmonic_mean_rank": 0.6209232485989101,
        "arithmetic_mean_rank": 34.40821075439453,
        "count": 2582.0,
        "geometric_mean_rank": 3.331054210662842,
        "harmonic_mean_rank": 1.605579029572403,
        "hits_at_1": 0.5298218435321457,
        "hits_at_10": 0.7947327652982185,
        "hits_at_3": 0.6800929512006196,
        "hits_at_5": 0.7474825716498839,
        "inverse_arithmetic_mean_rank": 0.029062829911708832,
        "inverse_geometric_mean_rank": 0.300205260515213,
        "inverse_harmonic_mean_rank": 0.6228282641847406,
        "inverse_median_rank": 1.0,
        "median_absolute_deviation": 0.0,
        "median_rank": 1.0,
        "standard_deviation": 116.16702270507812,